task,recordId,source,title,url,language,city,humanLabel,currentOutcome,relevance,negative,geo,duplicate,evidenceStatus
"task17/20","task17-001","https://realty.economictimes.indiatimes.com/rss/technology","DDA launches digital map for areas planned under Master Plan for Delhi 2047","","English/unknown","","PUBLISH","PUBLISH","authority_pipeline","PASS","delhi|new_delhi","UNIQUE_IN_AUDITED_SET","HUMAN_AUDITED"
"task17/20","task17-002","https://realty.economictimes.indiatimes.com/rss/cement","Cement capacity set to outpace demand through FY29","","English/unknown","","REJECT_OFF_TOPIC","REVIEW_OR_REJECT","unclassified","PASS","","UNIQUE_IN_AUDITED_SET","HUMAN_AUDITED"
"task17/20","task17-003","https://realty.economictimes.indiatimes.com/rss/cement","JSW Cement approves merger of Shiva Cement; sets 5:41 share-swap ratio","","English/unknown","","REJECT_OFF_TOPIC","REVIEW_OR_REJECT","reject_relevance","PASS","","UNIQUE_IN_AUDITED_SET","HUMAN_AUDITED"
"task17/20","task17-004","https://realty.economictimes.indiatimes.com/rss/hospitality","CPP Investments to invest ₹3,000 crore in Prestige Hospitality Ventures for 27% stake","","English/unknown","","REJECT_INSUFFICIENT","REVIEW_OR_REJECT","reject_relevance","PASS","","UNIQUE_IN_AUDITED_SET","HUMAN_AUDITED"
"task17/20","task17-005","https://realty.economictimes.indiatimes.com/rss/industry","Complete redevelopment in two years from plinth stage: Maharashtra government","","English/unknown","","REJECT_INSUFFICIENT","REVIEW_OR_REJECT","unclassified","PASS","","UNIQUE_IN_AUDITED_SET","HUMAN_AUDITED"
"task17/20","task17-006","https://realty.economictimes.indiatimes.com/rss/recentstories","Indian design must absorb global influences without losing cultural identity: Sunita Kohli","","English/unknown","","REJECT_OFF_TOPIC","REVIEW_OR_REJECT","unclassified","PASS","","UNIQUE_IN_AUDITED_SET","HUMAN_AUDITED"
"task17/20","task17-007","https://realty.economictimes.indiatimes.com/rss/international","UK first-time buyer scheme lifts housebuilders, but success hinges on design","","English/unknown","","REJECT_OFF_TOPIC","REVIEW_OR_REJECT","unclassified","PASS","","UNIQUE_IN_AUDITED_SET","HUMAN_AUDITED"
"task17/20","task17-008","https://realty.economictimes.indiatimes.com/rss/recentstories","Ahmedabad: Seven illegally constructed residential units in Fatehwadi razed","","English/unknown","","REJECT_NEGATIVE","REVIEW_OR_REJECT","reject_negative","REJECT_NEGATIVE","ahmedabad","UNIQUE_IN_AUDITED_SET","HUMAN_AUDITED"
"task17/20","task17-009","https://realty.economictimes.indiatimes.com/rss/residential","Branded residences must deliver long-term value beyond the brand name: Industry leaders","","English/unknown","","REJECT_OFF_TOPIC","REVIEW_OR_REJECT","reject_negative","REJECT_NEGATIVE","","UNIQUE_IN_AUDITED_SET","HUMAN_AUDITED"
"task17/20","task17-010","https://realty.economictimes.indiatimes.com/rss/technology","Telecom Regulatory Authority of India launches digital connectivity rating platform for properties","","English/unknown","","REJECT_INSUFFICIENT","REVIEW_OR_REJECT","unclassified","PASS","","UNIQUE_IN_AUDITED_SET","HUMAN_AUDITED"
"task17/20","task17-011","https://infra.economictimes.indiatimes.com/rss/construction","BEML unveils indigenously developed 60-ton electric dump truck","","English/unknown","","REJECT_OFF_TOPIC","REVIEW_OR_REJECT","reject_negative","REJECT_NEGATIVE","","UNIQUE_IN_AUDITED_SET","HUMAN_AUDITED"
"task17/20","task17-012","https://infra.economictimes.indiatimes.com/rss/corporate","Tata Trusts vice chairman Vijay Singh flags SDTT 'meddling' in Tata Sons","","English/unknown","","REJECT_OFF_TOPIC","REVIEW_OR_REJECT","reject_negative","REJECT_NEGATIVE","","UNIQUE_IN_AUDITED_SET","HUMAN_AUDITED"
"task17/20","task17-013","https://infra.economictimes.indiatimes.com/rss/railways","Darjeeling 'Toy Train' chugs into top 50 global destinations in 2027","","English/unknown","","REJECT_OFF_TOPIC","REVIEW_OR_REJECT","unclassified","PASS","","UNIQUE_IN_AUDITED_SET","HUMAN_AUDITED"
"task17/20","task17-014","https://infra.economictimes.indiatimes.com/rss/roads-highways","NHAI to conduct special quality checks on 17 highway projects with low bids","","English/unknown","","REJECT_INSUFFICIENT","REVIEW_OR_REJECT","unclassified","PASS","","UNIQUE_IN_AUDITED_SET","HUMAN_AUDITED"
"task17/20","task17-015","https://infra.economictimes.indiatimes.com/rss/urban-infrastructure","UP’s Project GANGA gets 3,000 DSP applications since its launch in June","","English/unknown","","REJECT_OFF_TOPIC","REVIEW_OR_REJECT","unclassified","PASS","","UNIQUE_IN_AUDITED_SET","HUMAN_AUDITED"
"task17/20","task17-016","https://infra.economictimes.indiatimes.com/rss/urban-transportation","L&T extends Hyderabad Metro stake sale timeline to December 31","","English/unknown","","REJECT_NEGATIVE","REVIEW_OR_REJECT","reject_negative","REJECT_NEGATIVE","","UNIQUE_IN_AUDITED_SET","HUMAN_AUDITED"
"task17/20","task17-017","https://infra.economictimes.indiatimes.com/rss/water","Kaleshwaram rehabilitation may include end-to-end diaphragm wall at Medigadda barrage","","English/unknown","","REJECT_NEGATIVE","REVIEW_OR_REJECT","unclassified","PASS","","UNIQUE_IN_AUDITED_SET","HUMAN_AUDITED"
"task17/20","task17-018","https://realty.economictimes.indiatimes.com/rss/topstories","Maharashtra housing redevelopment gets stricter: Three bids, registered rehab agreements and two-year deadline","","English/unknown","","REJECT_INSUFFICIENT","REVIEW_OR_REJECT","unclassified","PASS","","UNIQUE_IN_AUDITED_SET","HUMAN_AUDITED"
"task17/20","task17-019","https://themetrorailguy.com/","Bengaluru Business Corridor: Route Map & Status Update [2024]","","English/unknown","","REJECT_INSUFFICIENT","REVIEW_OR_REJECT","reject_relevance","PASS","bhopal|ahmedabad|bangalore|chennai|agra","UNIQUE_IN_AUDITED_SET","HUMAN_AUDITED"
"task17/20","task17-020","https://themetrorailguy.com/","Gaimukh - Fountain Hotel Tunnel: Map, Status Update & Design [2025]","","English/unknown","","REJECT_INSUFFICIENT","REVIEW_OR_REJECT","reject_relevance","PASS","bhopal|ahmedabad|bangalore|chennai|agra","UNIQUE_IN_AUDITED_SET","HUMAN_AUDITED"
"task17/20","task17-021","https://transport.rajasthan.gov.in/jmrc","JMRC Policy for permission of LPG at Metro Stations","","English/unknown","","REJECT_OFF_TOPIC","REVIEW_OR_REJECT","unclassified","PASS","","UNIQUE_IN_AUDITED_SET","HUMAN_AUDITED"
"task17/20","task17-022","https://infra.economictimes.indiatimes.com/rss/recentstories","Highway Infrastructure bags ₹245 crore toll contracts in UP, Tamil Nadu","","English/unknown","","REJECT_OFF_TOPIC","REVIEW_OR_REJECT","reject_relevance","PASS","","UNIQUE_IN_AUDITED_SET","HUMAN_AUDITED"
"task17/20","task17-023","https://infra.economictimes.indiatimes.com/rss/rural-infrastructure","Four-year-old Jal Jeevan Mission water project in Hosanagara set for revival after minister’s intervention","","English/unknown","","REJECT_NEGATIVE","REVIEW_OR_REJECT","unclassified","PASS","","UNIQUE_IN_AUDITED_SET","HUMAN_AUDITED"
"task17/20","task17-024","https://realty.economictimes.indiatimes.com/rss/lighting/smart-lighting","Ranchi civic body to install 5,300 LED street lights across city","","English/unknown","","REJECT_OFF_TOPIC","REVIEW_OR_REJECT","reject_relevance","PASS","ranchi","UNIQUE_IN_AUDITED_SET","HUMAN_AUDITED"
"task17/20","task17-025","https://realty.economictimes.indiatimes.com/rss/lighting/smart-lighting","Repair, maintain all street lights in Patna civic body's area: Bihar CM","","English/unknown","","REJECT_OFF_TOPIC","REVIEW_OR_REJECT","reject_relevance","PASS","patna","UNIQUE_IN_AUDITED_SET","HUMAN_AUDITED"
"task17/20","task17-026","https://realty.economictimes.indiatimes.com/rss/smart-city","SPVs set up under smart cities mission in Tamil Nadu reduced to funding conduits: CAG report","","English/unknown","","REJECT_NEGATIVE","REVIEW_OR_REJECT","unclassified","PASS","","UNIQUE_IN_AUDITED_SET","HUMAN_AUDITED"
"task17/20","task17-027","https://realty.economictimes.indiatimes.com/rss/smart-city","Zahirabad Industrial Smart City to attract ₹15,000 crore investment, project completion by 2028: Telangana IT minister","","English/unknown","","REJECT_INSUFFICIENT","REVIEW_OR_REJECT","unclassified","PASS","","UNIQUE_IN_AUDITED_SET","HUMAN_AUDITED"
"task17/20","task17-028","https://realty.economictimes.indiatimes.com/rss/hospitality","Homestays in Hampi must secure legal tag by September 30","","English/unknown","","REJECT_NEGATIVE","REVIEW_OR_REJECT","reject_negative","REJECT_NEGATIVE","","UNIQUE_IN_AUDITED_SET","HUMAN_AUDITED"
"task17/20","task17-029","https://realty.economictimes.indiatimes.com/rss/international","Spain aims to ban evictions until 2030 amid housing protests","","English/unknown","","REJECT_NEGATIVE","REVIEW_OR_REJECT","reject_negative","REJECT_NEGATIVE","","UNIQUE_IN_AUDITED_SET","HUMAN_AUDITED"
"task17/20","task17-030","https://realty.economictimes.indiatimes.com/rss/topstories","ED arrests two promoters of Gurugram-based Vatika Group in homebuyers 'fraud' case","","English/unknown","","REJECT_NEGATIVE","REVIEW_OR_REJECT","reject_negative","REJECT_NEGATIVE","gurugram|delhi|new_delhi","UNIQUE_IN_AUDITED_SET","HUMAN_AUDITED"
"task17/20","task17-031","https://realty.economictimes.indiatimes.com/rss/regulatory","Enforcement directorate search at TDI’s Mohali office ends after 53 hours","","English/unknown","","REJECT_NEGATIVE","REVIEW_OR_REJECT","reject_negative","REJECT_NEGATIVE","mohali","UNIQUE_IN_AUDITED_SET","HUMAN_AUDITED"
"task17/20","task17-032","https://realty.economictimes.indiatimes.com/rss/regulatory","Gurugram admin acts against 71 builders for failing to refund amounts ordered by Haryana RERA","","English/unknown","","REJECT_NEGATIVE","REVIEW_OR_REJECT","reject_negative","REJECT_NEGATIVE","gurugram","UNIQUE_IN_AUDITED_SET","HUMAN_AUDITED"
"task17/20","task17-033","https://realty.economictimes.indiatimes.com/rss/residential","Aadhaar mandatory for property transactions in Maharashtra from October 1","","English/unknown","","REJECT_INSUFFICIENT","REVIEW_OR_REJECT","reject_negative","REJECT_NEGATIVE","","UNIQUE_IN_AUDITED_SET","HUMAN_AUDITED"
"task17/20","task17-034","https://dda.gov.in/whats-new","Home page | Delhi Development Authority (DDA)","","English/unknown","","REJECT_INSUFFICIENT","REVIEW_OR_REJECT","authority_pipeline","PASS","delhi|new_delhi","UNIQUE_IN_AUDITED_SET","HUMAN_AUDITED"
"task17/20","task17-035","https://faridabad.nic.in/department/faridabad-metropolitan-development-authority-fmda","District Faridabad","","English/unknown","","REJECT_INSUFFICIENT","REVIEW_OR_REJECT","reject_negative","REJECT_NEGATIVE","faridabad","UNIQUE_IN_AUDITED_SET","HUMAN_AUDITED"
"task17/20","task17-036","https://faridabad.nic.in/department/faridabad-metropolitan-development-authority-fmda","District Social Welfare Office","","English/unknown","","REJECT_OFF_TOPIC","REVIEW_OR_REJECT","unclassified","PASS","","UNIQUE_IN_AUDITED_SET","HUMAN_AUDITED"
"task17/20","task17-037","https://gnida.up.gov.in/en/announcements","Error Page","","English/unknown","","REJECT_INSUFFICIENT","REVIEW_OR_REJECT","reject_negative","REJECT_NEGATIVE","","UNIQUE_IN_AUDITED_SET","HUMAN_AUDITED"
"task17/20","task17-038","https://gnida.up.gov.in/en/announcements","Error Page","","English/unknown","","REJECT_INSUFFICIENT","REVIEW_OR_REJECT","reject_negative","REJECT_NEGATIVE","","UNIQUE_IN_AUDITED_SET","HUMAN_AUDITED"
"task17/20","task17-039","https://realty.economictimes.indiatimes.com/news/residential","News","","English/unknown","","REJECT_INSUFFICIENT","REVIEW_OR_REJECT","reject_negative","REJECT_NEGATIVE","","UNIQUE_IN_AUDITED_SET","HUMAN_AUDITED"
"task17/20","task17-040","https://www.bda.gov.in/notice","BDA :: Bhubaneswar Development Authority","","English/unknown","","REJECT_INSUFFICIENT","REVIEW_OR_REJECT","reject_negative","REJECT_NEGATIVE","","UNIQUE_IN_AUDITED_SET","HUMAN_AUDITED"
"task17/20","task17-041","https://www.cial.aero/News-Updates/URL","News Updates","","English/unknown","","REJECT_OFF_TOPIC","REVIEW_OR_REJECT","reject_negative","REJECT_NEGATIVE","","UNIQUE_IN_AUDITED_SET","HUMAN_AUDITED"
"task17/20","task17-042","https://www.cial.aero/News-Updates/URL","News Updates","","English/unknown","","REJECT_OFF_TOPIC","REVIEW_OR_REJECT","reject_negative","REJECT_NEGATIVE","","UNIQUE_IN_AUDITED_SET","HUMAN_AUDITED"
"task17/20","task17-043","https://cci.gov.in/combination/green-channel-view","Competition Commission of India, Government of India","","English/unknown","","REJECT_INSUFFICIENT","REVIEW_OR_REJECT","unclassified","PASS","","UNIQUE_IN_AUDITED_SET","HUMAN_AUDITED"
"task17/20","task17-044","https://cci.gov.in/combination/green-channel-view","Competition Commission of India, Government of India","","English/unknown","","REJECT_INSUFFICIENT","REVIEW_OR_REJECT","unclassified","PASS","","UNIQUE_IN_AUDITED_SET","HUMAN_AUDITED"
"task17/20","task17-045","https://www.hprera.in","HP RERA News","","English/unknown","","REJECT_INSUFFICIENT","REVIEW_OR_REJECT","unclassified","PASS","","UNIQUE_IN_AUDITED_SET","HUMAN_AUDITED"
"task17/20","task17-046","https://infra.economictimes.indiatimes.com/rss/construction","SAIL flies in Mongolian coking coal as it seeks new supplies, sources say","","English/unknown","","REJECT_OFF_TOPIC","REVIEW_OR_REJECT","unclassified","PASS","","UNIQUE_IN_AUDITED_SET","HUMAN_AUDITED"
"task17/20","task17-047","https://infra.economictimes.indiatimes.com/rss/corporate","Tata Trusts seeks hearing on Venu Srinivasan&#039;s complaint before charity commissioner","","English/unknown","","REJECT_OFF_TOPIC","REVIEW_OR_REJECT","reject_negative","REJECT_NEGATIVE","","UNIQUE_IN_AUDITED_SET","HUMAN_AUDITED"
"task17/20","task17-048","https://infra.economictimes.indiatimes.com/rss/energy","Dilip Buildcon divests stake in ₹6,263 crore solar portfolio to Alpha Alternatives","","English/unknown","","REJECT_OFF_TOPIC","REVIEW_OR_REJECT","unclassified","PASS","","UNIQUE_IN_AUDITED_SET","HUMAN_AUDITED"
"task17/20","task17-049","https://sipcotweb.tn.gov.in","SIPCOT","","English/unknown","","REJECT_INSUFFICIENT","REVIEW_OR_REJECT","unclassified","PASS","","UNIQUE_IN_AUDITED_SET","HUMAN_AUDITED"
"task17/20","task17-050","https://sipcotweb.tn.gov.in","SIPCOT","","English/unknown","","REJECT_INSUFFICIENT","REVIEW_OR_REJECT","unclassified","PASS","","UNIQUE_IN_AUDITED_SET","HUMAN_AUDITED"
"task17/20","task17-051","https://timesofindia.indiatimes.com/rssfeeds/-2128833038.cms","Why Bengaluru residents are pushing back against Airbnb-style stays in residential neighbourhoods","","English/unknown","","REJECT_NEGATIVE","REVIEW_OR_REJECT","reject_negative","REJECT_NEGATIVE","bangalore","UNIQUE_IN_AUDITED_SET","HUMAN_AUDITED"
"task17/20","task17-052","https://timesofindia.indiatimes.com/rssfeeds/-2128839596.cms","Weather tomorrow: Heavy rain likely in TN, Kerala, Karnataka; gusty winds to hit Andhra, Odisha","","English/unknown","","REJECT_OFF_TOPIC","REVIEW_OR_REJECT","reject_negative","REJECT_NEGATIVE","delhi|new_delhi","UNIQUE_IN_AUDITED_SET","HUMAN_AUDITED"
"task17/20","task17-053","https://timesofindia.indiatimes.com/rssfeeds/-2128830821.cms","SIR tribunal judges refuse to log into new portal with Aadhaar, flag tweak in docu norm","","English/unknown","","REJECT_OFF_TOPIC","REVIEW_OR_REJECT","reject_negative","REJECT_NEGATIVE","","UNIQUE_IN_AUDITED_SET","HUMAN_AUDITED"
"task17/20","task17-054","https://timesofindia.indiatimes.com/rssfeeds/-2128936835.cms","‘Voices against electoral 'capture' getting louder': Congress targets EC over SIR","","English/unknown","","REJECT_OFF_TOPIC","REVIEW_OR_REJECT","reject_negative","REJECT_NEGATIVE","delhi|new_delhi","UNIQUE_IN_AUDITED_SET","HUMAN_AUDITED"
"task17/20","task17-055","https://www.cci.gov.in/combination/orders-section31","Competition Commission of India, Government of India","","English/unknown","","REJECT_INSUFFICIENT","REVIEW_OR_REJECT","unclassified","PASS","","UNIQUE_IN_AUDITED_SET","HUMAN_AUDITED"
"task17/20","task17-056","https://www.cci.gov.in/combination/press-release","Competition Commission of India, Government of India","","English/unknown","","REJECT_INSUFFICIENT","REVIEW_OR_REJECT","unclassified","PASS","","UNIQUE_IN_AUDITED_SET","HUMAN_AUDITED"
"task17/20","task17-057","https://www.cci.gov.in/combination/orders-section31","Competition Commission of India, Government of India","","English/unknown","","REJECT_INSUFFICIENT","REVIEW_OR_REJECT","unclassified","PASS","","UNIQUE_IN_AUDITED_SET","HUMAN_AUDITED"
"task17/20","task17-058","https://www.hindustantimes.com/feeds/rss/cities/lucknow-news/rssfeed.xml","Stray dog menace on PGI campus despite apex court directions","","English/unknown","","REJECT_OFF_TOPIC","REVIEW_OR_REJECT","reject_negative","REJECT_NEGATIVE","lucknow","UNIQUE_IN_AUDITED_SET","HUMAN_AUDITED"
"task17/20","task17-059","https://www.hindustantimes.com/feeds/rss/cities/noida-news/rssfeed.xml","Yeida plans  ₹4.5cr landmark entry gate near Yamuna Expressway","","English/unknown","","PUBLISH","PUBLISH","project_development","PASS","noida","UNIQUE_IN_AUDITED_SET","HUMAN_AUDITED"
"task17/20","task17-060","https://www.hindustantimes.com/feeds/rss/cities/patna-news/rssfeed.xml","Bihar: Gandak river embankments breach at two places amid heavy water discharge from barrages","","English/unknown","","REJECT_NEGATIVE","REVIEW_OR_REJECT","reject_relevance","PASS","","UNIQUE_IN_AUDITED_SET","HUMAN_AUDITED"
"task17/20","task17-061","https://infra.economictimes.indiatimes.com/rss/topstories","PM Modi, Israeli PM Netanyahu hail Flydubai pilot Smit Machchhar after Saudi emergency landing","","English/unknown","","REJECT_OFF_TOPIC","REVIEW_OR_REJECT","reject_negative","REJECT_NEGATIVE","","UNIQUE_IN_AUDITED_SET","HUMAN_AUDITED"
"task17/20","task17-062","https://infra.economictimes.indiatimes.com/rss/urban-transportation","Delhi invokes ESMA for six months amid DTC contractual drivers’ strike","","English/unknown","","REJECT_NEGATIVE","REVIEW_OR_REJECT","reject_negative","REJECT_NEGATIVE","delhi|new_delhi","UNIQUE_IN_AUDITED_SET","HUMAN_AUDITED"
"task17/20","task17-063","https://timesofindia.indiatimes.com/rssfeedstopstories.cms","Indian oil refiners change strategy to get cheaper oil; hire ships & tankers to sail through Strait of Hormuz","","English/unknown","","REJECT_OFF_TOPIC","REVIEW_OR_REJECT","unclassified","PASS","","UNIQUE_IN_AUDITED_SET","HUMAN_AUDITED"
"task17/20","task17-064","https://timesofindia.indiatimes.com/rssfeeds/2950623.cms","Arappor alleges irregularities in affiliation granted to 74 private colleges of education","","English/unknown","","REJECT_OFF_TOPIC","REVIEW_OR_REJECT","reject_relevance","PASS","chennai","UNIQUE_IN_AUDITED_SET","HUMAN_AUDITED"
"task17/20","task17-065","https://www.hindustantimes.com/feeds/rss/cities/gurugram-news/rssfeed.xml","Kingdom of Dreams: Men seen removing steel from HSVP-sealed complex","","English/unknown","","REJECT_NEGATIVE","REVIEW_OR_REJECT","reject_negative","REJECT_NEGATIVE","","UNIQUE_IN_AUDITED_SET","HUMAN_AUDITED"
"task17/20","task17-066","https://www.hindustantimes.com/feeds/rss/cities/lucknow-news/rssfeed.xml","Rajya Sabha polls in UP: How predictable numbers game acquired spicy political flavour","","English/unknown","","REJECT_OFF_TOPIC","REVIEW_OR_REJECT","unclassified","PASS","","UNIQUE_IN_AUDITED_SET","HUMAN_AUDITED"
"task17/20","task17-067","https://www.hindustantimes.com/feeds/rss/cities/others/rssfeed.xml","Nitin Nabin likely to attend closing event of ‘Seva Sankalp’ rally on October 7","","English/unknown","","REJECT_OFF_TOPIC","REVIEW_OR_REJECT","unclassified","PASS","","UNIQUE_IN_AUDITED_SET","HUMAN_AUDITED"
"task17/20","task17-068","https://www.hindustantimes.com/feeds/rss/real-estate/rssfeed.xml","Anarock Property Consultants Limited files DRHP for ₹1,000 crore IPO; AI, tech investments among key plans","","English/unknown","","REJECT_OFF_TOPIC","REVIEW_OR_REJECT","reject_relevance","PASS","mumbai","UNIQUE_IN_AUDITED_SET","HUMAN_AUDITED"
"task17/20","task17-069","https://rera.punjab.gov.in/latest-news.html","Real Estate Regulatory Authority","","English/unknown","","REJECT_NEGATIVE","REVIEW_OR_REJECT","reject_negative","REJECT_NEGATIVE","","UNIQUE_IN_AUDITED_SET","HUMAN_AUDITED"
"task22/23","task22-005","Live Hindustan","दिल्ली NCR में 1900 करोड़ का नया प्रोजेक्ट लॉन्च, बनेंगे 1088 फ्लैट; जानिए 5 जरूरी बातें","https://preprod.livehindustan.com/ncr/gaur-group-launches-gaurs-alaris-project-on-yamuna-expressway-1088-flats-1900-crore-revenue-201785836985277.html","Hindi","Greater Noida","PUBLISH","PUBLISH","positive_market_infrastructure","PASS","noida","UNIQUE","HUMAN_AUDITED"
"task22/23","task22-006","Amar Ujala","Delhi Master Plan 2047: जहां रोजगार, वहीं होगा आवास, नालों के किनारे बनेंगे ग्रीनवे; किसानों ने बताया धोखा","https://www.amarujala.com/delhi-ncr/delhi-master-plan-2047-features-employment-centric-housing-policy-workers-to-get-affordable-homes-2026-08-22?src=story-related-auto-amp","Hindi","Delhi","REJECT_INSUFFICIENT","REVIEW_OR_REJECT","reject_negative","REJECT_NEGATIVE","delhi","UNIQUE","HUMAN_AUDITED"
"task22/23","task22-004","Amar Ujala","DDA Scheme: दिल्ली में विकास प्राधिकरण के 1200 से ज्यादा फ्लैटों पर 25 फीसदी छूट, 15 अगस्त से होगी बुकिंग","https://www.amarujala.com/delhi-ncr/dda-scheme-over-25-discount-on-more-than-1-200-flats-in-delhi-bookings-to-start-from-august-15-2026-07-23?src=story-related-auto-amp","Hindi","Delhi","PUBLISH","PUBLISH","project_development","PASS","delhi","UNIQUE","HUMAN_AUDITED"
"task22/23","task22-003","Live Hindustan","दिल्ली में घर का सपना करें साकार; डीडीए ला रहा नई आवास योजना, कब से रजिस्ट्रेशन?","https://www.livehindustan.com/ncr/dda-flats-new-awas-yojana-know-when-will-be-registration-know-time-and-price-201790770774465.html","Hindi","Delhi","PUBLISH","PUBLISH","unclassified","PASS","delhi","UNIQUE","HUMAN_AUDITED"
"task22/23","task22-009","Maharashtra Times","पुणे-मुंबई महामार्गालगत हक्काचं घर घेण्याची संधी! ६३४ सदनिकांची सोडत लवकरच; उत्पन्नाची अट केली शिथिल","https://maharashtratimes.com/maharashtra/pune-news/mhada-pune-lottery-2026-for-634-houses-in-tathawade-income-criteria-relaxed/articleshow/132529190.cms","Marathi","Pune","PUBLISH","PUBLISH","project_development","PASS","mumbai|pune","UNIQUE","HUMAN_AUDITED"
"task22/23","task22-007","Amar Ujala","अपहरण, दरिंदगी और कत्ल: दर्दभरी चीखें, बेबसी और रहम की गुहार, कार में हैवानियत, चिल्लाने पर मासूम का मर्डर","https://www.amarujala.com/delhi/delhi-crime-news-11-year-old-girl-found-dead-after-abduction-in-delhi-accused-arrested-2026-06-25","Hindi","Delhi","REJECT_OFF_TOPIC","REVIEW_OR_REJECT","reject_negative","REJECT_NEGATIVE","faridabad","UNIQUE","HUMAN_AUDITED"
"task22/23","task22-019","Sakshi","హైదరాబాద్‌లో ఇల్లు.. ఇకపై ఇలాగే కట్టుకోవాలి!","https://cms.sakshi.com/telugu-news/business/hyderabad-new-building-rules-cure-act-green-buildings-construction-norms","Telugu","Hyderabad","PUBLISH","REVIEW_OR_REJECT","project_development","PASS","hyderabad","UNIQUE","HUMAN_AUDITED"
"task22/23","task22-022","Sakshi","47 ఏళ్ల హౌసింగ్‌ బోర్డు చరిత్రలో తొలిసారి ఇందిరమ్మ టవర్స్‌","https://cms.sakshi.com/telugu-news/telangana/hyderabad-indiramma-houses-construction-begins-today-2872490","Telugu","Hyderabad","PUBLISH","REVIEW_OR_REJECT","authority_pipeline","PASS","hyderabad","UNIQUE","HUMAN_AUDITED"
"task22/23","task22-008","Loksatta","पुण्यातील गृहनिर्माण उद्योगावर ‘काँक्रीट संकट’? बांधकामासाठी अत्यावश्यक का मिळेनासे झाले?","https://www.loksatta.com/explained/pune-housing-sector-crisis-ready-mix-concrete-rmc-plant-strike-impact-print-exp-zws-70-5880472/","Marathi","Pune","REJECT_NEGATIVE","REVIEW_OR_REJECT","reject_negative","REJECT_NEGATIVE","pune","UNIQUE","HUMAN_AUDITED"
"task22/23","task22-012","Maharashtra Times","Mumbai News: फक्त 51 टक्क्यांत पुनर्विकास मंजूर! गृहनिर्माण संस्थांसाठी राज्य सरकारचा गेमचेंजर निर्णय, बदललेले नियम वाचले का?","https://maharashtratimes.com/maharashtra/mumbai-news/maharashtra-housing-society-new-rules-online-agm-51-percent-redevelopment/articleshow/131293296.cms","Marathi","mumbai","REJECT_INSUFFICIENT","REVIEW_OR_REJECT","project_development","PASS","mumbai","UNIQUE","HUMAN_AUDITED"
"task22/23","task22-013","Loksatta","नवीन घराचे स्वप्न लांबणीवर! यंदा बिल्डरकडून ताबा चार महिने उशिराने मिळणार","https://www.loksatta.com/pune/pune-maharera-flat-possession-delayed-by-four-months-west-asia-war-pune-print-news-asj-82-6126732/","Marathi","Pune","REJECT_NEGATIVE","REVIEW_OR_REJECT","reject_negative","REJECT_NEGATIVE","pune","UNIQUE","HUMAN_AUDITED"
"task22/23","task22-014","Manorama Online","കൊച്ചി സെറ്റാണ്, നിങ്ങളോ? കേരളത്തിലെ ഏറ്റവും വലിയ പ്രോപ്പർട്ടി എക്സ്പോ വീണ്ടുമെത്തുന്നു!","https://www.manoramaonline.com/homestyle/nest/2026/08/03/book-your-dreamhome-at-credai-property-expo-kochi.html","Malayalam","Kochi","REJECT_OFF_TOPIC","REVIEW_OR_REJECT","reject_relevance","PASS","kochi","UNIQUE","HUMAN_AUDITED"
"task22/23","task22-020","Sakshi","చిన్న ప్లాటు.. పెద్ద ఊరట!","https://cms.sakshi.com/telugu-news/telangana/hmda-inmulnarva-plots-sale-affordable-residential-plots-hyderabad-2880116","Telugu","Hyderabad","PUBLISH","REVIEW_OR_REJECT","project_development","PASS","hyderabad","UNIQUE","HUMAN_AUDITED"
"task22/23","task22-021","Sakshi","కోకాపేట్‌.. మరో జాక్‌పాట్‌!","https://cms.sakshi.com/telugu-news/telangana/kokapet-hmda-plans-sell-90-acres-after-it-sez-denotification-2849938","Telugu","Hyderabad","PUBLISH","REVIEW_OR_REJECT","project_development","PASS","hyderabad","UNIQUE","HUMAN_AUDITED"
"task22/23","task22-027","Sakshi","కొత్త ఏడాదిపై రియల్‌ ఎస్టేట్‌ గంపెడాశలు","https://web.sakshi.com/telugu-news/business/real-estate-set-boom-new-year-2026-2656216","Telugu","Hyderabad","REJECT_INSUFFICIENT","REVIEW_OR_REJECT","unclassified","PASS","hyderabad","UNIQUE","HUMAN_AUDITED"
"task22/23","task22-001","Amar Ujala","दिल्ली में गरीब परिवारों को बड़ी सौगात: अब मिलेंगे बड़े घर, सरकार ने EWS फ्लैटों के कमरों का बढ़ाया आकार","https://www.amarujala.com/delhi-ncr/delhi-government-increases-room-size-of-ews-flats-2026-07-16?src=top-subnav","Hindi","Delhi","PUBLISH","REVIEW_OR_REJECT","unclassified","PASS","NO_SUPPORTED_CITY_EVIDENCE","UNIQUE","HUMAN_AUDITED"
"task22/23","task22-002","Live Hindustan","डीडीए की कर्मजीवी आवास योजना लॉन्च; फ्लैट्स पर 25 फीसदी की छूट, जरूरी बातें","https://www.livehindustan.com/ncr/dda-flats-and-housing-scheme-karmjeevi-awas-yojana-launched-25-percent-discount-details-201785061798587.amp.html","Hindi","Delhi","PUBLISH","REVIEW_OR_REJECT","project_development","PASS","NO_SUPPORTED_CITY_EVIDENCE","UNIQUE","HUMAN_AUDITED"
"task22/23","task22-010","Maharashtra Times","Housing Society Rules: एकाच सोसायटीतील रहिवाशांना जिम, स्विमिंग पूलसारख्या सुविधा नाकारणे चुकीचे; नवीन घर घेण्यापूर्वी खरेदीखत नक्की तपासा","https://maharashtratimes.com/business/real-estate-news/housing-society-rules-can-flat-owners-prevent-people-from-another-society-from-using-common-facilities/articleshow/133533089.cms","Marathi","Bengaluru","REJECT_NEGATIVE","REVIEW_OR_REJECT","reject_negative","REJECT_NEGATIVE","NO_SUPPORTED_CITY_EVIDENCE","UNIQUE","HUMAN_AUDITED"
"task22/23","task22-011","Maharashtra Times","CIDCO Lottery Stay: मुंबई हायकोर्टाचा सिडकोला दणका! 'पीएमएवाय' योजनेत गरिबांची चेष्टा; 26 हजार घरांच्या सोडतीला स्थगिती","https://maharashtratimes.com/maharashtra/mumbai-news/mumbai-high-court-stays-cidco-oct-2024-affortable-housing-lottery-of-26000-flats/articleshow/129817630.cms","Marathi","Navi Mumbai","REJECT_NEGATIVE","REVIEW_OR_REJECT","reject_negative","REJECT_NEGATIVE","NO_SUPPORTED_CITY_EVIDENCE","UNIQUE","HUMAN_AUDITED"
"task22/23","task22-023","Vijaya Karnataka","ರಿಯಲ್ ಎಸ್ಟೇಟ್ ಹೂಡಿಕೆ: ಬೆಂಗಳೂರಿನ ಹೊರವಲಯಗಳು ಹೂಡಿಕೆದಾರರನ್ನು ಆಕರ್ಷಿಸುತ್ತಿರುವುದಕ್ಕೆ ಕಾರಣಗಳು ಮತ್ತು ಗಮನಿಸಬೇಕಾದ ಅಂಶಗಳು","https://vijaykarnataka.com/real-estate/why-bengaluru-peripheral-areas-attract-real-estate-investors/amp_articleshow/134315676.cms","Kannada","Bengaluru","REJECT_INSUFFICIENT","REVIEW_OR_REJECT","project_development","PASS","NO_SUPPORTED_CITY_EVIDENCE","UNIQUE","HUMAN_AUDITED"
"task22/23","task22-024","Vijaya Karnataka","ರಾಜ್ಯ ಸರ್ಕಾರ ಭೂ ಗ್ಯಾರಂಟಿ ಘೋಷಣೆ: ಬೆಂಗಳೂರಿನಲ್ಲಿ B ಖಾತಾದಿಂದ A ಖಾತಾ ಪರಿವರ್ತನೆಗೆ ಅವಕಾಶ; ಏನೆಲ್ಲಾ ನಿಯಮ?","https://vijaykarnataka.com/news/bengaluru-city/conversion-from-b-khata-to-a-khata-allowed-in-bengaluru-state-government-announces-land-guarantee-what-are-the-rules/amp_articleshow/131061086.cms","Kannada","Bengaluru","PUBLISH","REVIEW_OR_REJECT","project_development","PASS","NO_SUPPORTED_CITY_EVIDENCE","UNIQUE","HUMAN_AUDITED"
"task22/23","task22-025","Vijaya Karnataka","‘ಬೆಂಗಳೂರು ಸುತ್ತಮುತ್ತಲಿನ ಜಮೀನು ರಿಯಲ್ ಎಸ್ಟೇಟ್‌ಗಲ್ಲ’: ಟೌನ್‌ಶಿಪ್ ವಿರುದ್ಧ ಸದನದಲ್ಲಿ ರೈತರ ಪರ ಗುಡುಗಿದ್ದ ಡಿಕೆಶಿ! ಇಲ್ಲಿದೆ Exclusive ದಾಖಲೆ","https://vijaykarnataka.com/news/karnataka/land-around-bengaluru-is-not-for-real-estate-dk-shivakumar-speech-in-assembly-session-regarding-bidadi-township/articleshow/131923172.cms","Kannada","Bengaluru","REJECT_NEGATIVE","REVIEW_OR_REJECT","reject_negative","REJECT_NEGATIVE","NO_SUPPORTED_CITY_EVIDENCE","UNIQUE","HUMAN_AUDITED"
"task22/23","task22-026","Dinamalar","நான்கு மாதங்களில் 1,490 பேருக்கு விற்பனை பத்திரம்: வீட்டுவசதி வாரியம்","https://l-www.dinamalar.com/news/tamil-nadu-news/sale-deed-to-1490-people-in-four-months-housing-board/4315918","Tamil","","REJECT_INSUFFICIENT","REVIEW_OR_REJECT","unclassified","PASS","NO_SUPPORTED_CITY_EVIDENCE","UNIQUE","HUMAN_AUDITED"
"task22/23","task22-056","www.anandabazar.com","খদ্দের নেই, পড়েই আছে নতুন ফ্ল্যাট! দেশের বড় ৯ শহরে আবাসন বিক্রিতে ছ’শতাংশ পতন, কী দশা কলকাতার?","https://www.anandabazar.com/business/housing-sales-across-indias-top-nine-cities-fell-6-percent-where-kolkata-stands-dgtl/cid/1715823","Hindi/Marathi (unresolved)","Kolkata","REJECT_NEGATIVE","REVIEW_OR_REJECT","reject_negative","REJECT_NEGATIVE","NO_SUPPORTED_CITY_EVIDENCE","UNIQUE","HUMAN_AUDITED"
"task22/23","task22-057","www.anandabazar.com","পূর্ণ মালিকানায় নয়া ফ্ল্যাট দেবে সরকার","https://www.anandabazar.com/west-bengal/government-will-provide-new-flats-with-full-ownership-prnt/cid/1710882","Hindi/Marathi (unresolved)","","REJECT_INSUFFICIENT","REVIEW_OR_REJECT","unclassified","PASS","NO_SUPPORTED_CITY_EVIDENCE","UNIQUE","HUMAN_AUDITED"
