benchmark_id,publisher,source_class,language,city,content_type,expected_label,verification_status,primary_loss,final_candidate,url
"task42-official-dda-janta-awaas","DDA","authority","English","new_delhi","OFFICIAL_HOUSING_CIRCULAR","VERIFIED_POSITIVE","VERIFIED_POSITIVE","EXTRACTION_GAP","no","https://dda.gov.in/housing/housing-circulars"
"task42-official-ida-scheme-sales","Indore Development Authority","authority","English/Hindi","indore","AUTHORITY_SCHEME_SALE","VERIFIED_POSITIVE","VERIFIED_POSITIVE","EXTRACTION_GAP","no","https://www.idaindore.org/frmSchemes.aspx"
"task42-official-mhada-nashik-lottery","MHADA Nashik Board","housing board","English/Marathi","nashik","OFFICIAL_LOTTERY_ADVERTISEMENT","VERIFIED_POSITIVE","VERIFIED_POSITIVE","EXTRACTION_GAP","no","https://www.mhada.gov.in/en/nashik"
"task42-official-hrera-palwal-project","HRERA","RERA","English","palwal","RERA_PROJECT_REGISTRATION","VERIFIED_POSITIVE","VERIFIED_POSITIVE","DATE_FAILURE","no","https://haryanarera.gov.in/"
"task42-official-up-rera-approval-register","UP RERA","RERA","English/Hindi","","RERA_PRESS_RELEASE","VERIFIED_POSITIVE","VERIFIED_POSITIVE","EXTRACTION_GAP","no","https://www.up-rera.in/PressRelease"
"task42-audited-001","https://realty.economictimes.indiatimes.com/rss/technology","local","English","delhi","AUDITED_ARTICLE","VERIFIED_POSITIVE","VERIFIED_POSITIVE","","yes","https://realty.economictimes.indiatimes.com/rss/technology"
"task42-audited-002","https://www.hindustantimes.com/feeds/rss/cities/noida-news/rssfeed.xml","authority","native-or-regional","noida","AUDITED_ARTICLE","VERIFIED_POSITIVE","VERIFIED_POSITIVE","","yes","https://www.hindustantimes.com/feeds/rss/cities/noida-news/rssfeed.xml"
"task42-audited-003","Live Hindustan","local","native-or-regional","noida","AUDITED_ARTICLE","VERIFIED_POSITIVE","VERIFIED_POSITIVE","","yes",""
"task42-audited-004","Amar Ujala","local","native-or-regional","delhi","AUDITED_ARTICLE","VERIFIED_POSITIVE","VERIFIED_POSITIVE","","yes",""
"task42-audited-005","Live Hindustan","local","native-or-regional","delhi","AUDITED_ARTICLE","VERIFIED_POSITIVE","VERIFIED_POSITIVE","","yes",""
"task42-audited-006","Maharashtra Times","local","English","pune","AUDITED_ARTICLE","VERIFIED_POSITIVE","VERIFIED_POSITIVE","","yes",""
"task42-audited-007","Sakshi","local","native-or-regional","hyderabad","AUDITED_ARTICLE","VERIFIED_POSITIVE","VERIFIED_POSITIVE","","yes",""
"task42-audited-008","Sakshi","local","native-or-regional","hyderabad","AUDITED_ARTICLE","VERIFIED_POSITIVE","VERIFIED_POSITIVE","","yes",""
"task42-audited-009","Sakshi","local","native-or-regional","hyderabad","AUDITED_ARTICLE","VERIFIED_POSITIVE","VERIFIED_POSITIVE","","yes",""
"task42-audited-010","Sakshi","local","native-or-regional","hyderabad","AUDITED_ARTICLE","VERIFIED_POSITIVE","VERIFIED_POSITIVE","","yes",""
"task42-audited-011","Amar Ujala","local","native-or-regional","delhi","AUDITED_ARTICLE","VERIFIED_POSITIVE","VERIFIED_POSITIVE","","yes",""
"task42-audited-012","Live Hindustan","local","native-or-regional","delhi","AUDITED_ARTICLE","VERIFIED_POSITIVE","VERIFIED_POSITIVE","","yes",""
"task42-audited-013","Vijaya Karnataka","local","native-or-regional","bangalore","AUDITED_ARTICLE","VERIFIED_POSITIVE","VERIFIED_POSITIVE","","yes",""
