city,state,configuredUrls,nativeAliasCount,regionalSourceCandidates,regionalSourceStatus
faridabad,Haryana,3,3,0,NO_VERIFIED_REGIONAL_SOURCE_IN_CONFIG
gurugram,Haryana,3,5,0,NO_VERIFIED_REGIONAL_SOURCE_IN_CONFIG
rohtak,Haryana,0,0,0,NO_VERIFIED_REGIONAL_SOURCE_IN_CONFIG
panipat,Haryana,0,0,0,NO_VERIFIED_REGIONAL_SOURCE_IN_CONFIG
karnal,Haryana,0,0,0,NO_VERIFIED_REGIONAL_SOURCE_IN_CONFIG
sonipat,Haryana,0,0,0,NO_VERIFIED_REGIONAL_SOURCE_IN_CONFIG
yamunanagar,Haryana,0,0,0,NO_VERIFIED_REGIONAL_SOURCE_IN_CONFIG
panchkula,Haryana,0,0,0,NO_VERIFIED_REGIONAL_SOURCE_IN_CONFIG
ambala,Haryana,0,0,0,NO_VERIFIED_REGIONAL_SOURCE_IN_CONFIG
kurukshetra,Haryana,0,0,0,NO_VERIFIED_REGIONAL_SOURCE_IN_CONFIG
rewari,Haryana,0,0,0,NO_VERIFIED_REGIONAL_SOURCE_IN_CONFIG
palwal,Haryana,0,0,0,NO_VERIFIED_REGIONAL_SOURCE_IN_CONFIG
indore,Madhya Pradesh,0,0,0,NO_VERIFIED_REGIONAL_SOURCE_IN_CONFIG
bhopal,Madhya Pradesh,1,0,0,NO_VERIFIED_REGIONAL_SOURCE_IN_CONFIG
gwalior,Madhya Pradesh,0,0,0,NO_VERIFIED_REGIONAL_SOURCE_IN_CONFIG
jabalpur,Madhya Pradesh,0,0,0,NO_VERIFIED_REGIONAL_SOURCE_IN_CONFIG
ujjain,Madhya Pradesh,0,0,0,NO_VERIFIED_REGIONAL_SOURCE_IN_CONFIG
sagar,Madhya Pradesh,0,0,0,NO_VERIFIED_REGIONAL_SOURCE_IN_CONFIG
dewas,Madhya Pradesh,0,0,0,NO_VERIFIED_REGIONAL_SOURCE_IN_CONFIG
satna,Madhya Pradesh,0,0,0,NO_VERIFIED_REGIONAL_SOURCE_IN_CONFIG
ratlam,Madhya Pradesh,0,0,0,NO_VERIFIED_REGIONAL_SOURCE_IN_CONFIG
rewa,Madhya Pradesh,0,0,0,NO_VERIFIED_REGIONAL_SOURCE_IN_CONFIG
burhanpur,Madhya Pradesh,0,0,0,NO_VERIFIED_REGIONAL_SOURCE_IN_CONFIG
khandwa,Madhya Pradesh,0,0,0,NO_VERIFIED_REGIONAL_SOURCE_IN_CONFIG
chhindwara,Madhya Pradesh,0,0,0,NO_VERIFIED_REGIONAL_SOURCE_IN_CONFIG
mandsaur,Madhya Pradesh,0,0,0,NO_VERIFIED_REGIONAL_SOURCE_IN_CONFIG
damoh,Madhya Pradesh,0,0,0,NO_VERIFIED_REGIONAL_SOURCE_IN_CONFIG
neemuch,Madhya Pradesh,0,0,0,NO_VERIFIED_REGIONAL_SOURCE_IN_CONFIG
khargone,Madhya Pradesh,0,0,0,NO_VERIFIED_REGIONAL_SOURCE_IN_CONFIG
sehore,Madhya Pradesh,0,0,0,NO_VERIFIED_REGIONAL_SOURCE_IN_CONFIG
betul,Madhya Pradesh,0,0,0,NO_VERIFIED_REGIONAL_SOURCE_IN_CONFIG
seoni,Madhya Pradesh,0,0,0,NO_VERIFIED_REGIONAL_SOURCE_IN_CONFIG
anantapur,Andhra Pradesh,0,0,0,NO_VERIFIED_REGIONAL_SOURCE_IN_CONFIG
bhimavaram,Andhra Pradesh,0,0,0,NO_VERIFIED_REGIONAL_SOURCE_IN_CONFIG
chittoor,Andhra Pradesh,0,0,0,NO_VERIFIED_REGIONAL_SOURCE_IN_CONFIG
eluru,Andhra Pradesh,0,0,0,NO_VERIFIED_REGIONAL_SOURCE_IN_CONFIG
kadapa,Andhra Pradesh,0,0,0,NO_VERIFIED_REGIONAL_SOURCE_IN_CONFIG
kakinada,Andhra Pradesh,0,0,0,NO_VERIFIED_REGIONAL_SOURCE_IN_CONFIG
krishna,Andhra Pradesh,0,0,0,NO_VERIFIED_REGIONAL_SOURCE_IN_CONFIG
kurnool,Andhra Pradesh,0,0,0,NO_VERIFIED_REGIONAL_SOURCE_IN_CONFIG
nellore,Andhra Pradesh,0,0,0,NO_VERIFIED_REGIONAL_SOURCE_IN_CONFIG
rajahmundry,Andhra Pradesh,0,0,0,NO_VERIFIED_REGIONAL_SOURCE_IN_CONFIG
srikakulam,Andhra Pradesh,0,0,0,NO_VERIFIED_REGIONAL_SOURCE_IN_CONFIG
tirupati,Andhra Pradesh,0,0,0,NO_VERIFIED_REGIONAL_SOURCE_IN_CONFIG
vijayawada,Andhra Pradesh,0,0,0,NO_VERIFIED_REGIONAL_SOURCE_IN_CONFIG
visakhapatnam,Andhra Pradesh,0,0,0,NO_VERIFIED_REGIONAL_SOURCE_IN_CONFIG
vizianagaram,Andhra Pradesh,0,0,0,NO_VERIFIED_REGIONAL_SOURCE_IN_CONFIG
west_godavari,Andhra Pradesh,0,0,0,NO_VERIFIED_REGIONAL_SOURCE_IN_CONFIG
dibrugarh,Assam,0,0,0,NO_VERIFIED_REGIONAL_SOURCE_IN_CONFIG
golaghat,Assam,0,0,0,NO_VERIFIED_REGIONAL_SOURCE_IN_CONFIG
guwahati,Assam,1,0,0,NO_VERIFIED_REGIONAL_SOURCE_IN_CONFIG
jorhat,Assam,0,0,0,NO_VERIFIED_REGIONAL_SOURCE_IN_CONFIG
kamrup,Assam,0,0,0,NO_VERIFIED_REGIONAL_SOURCE_IN_CONFIG
marigaon,Assam,0,0,0,NO_VERIFIED_REGIONAL_SOURCE_IN_CONFIG
nagaon,Assam,0,0,0,NO_VERIFIED_REGIONAL_SOURCE_IN_CONFIG
nalbari,Assam,0,0,0,NO_VERIFIED_REGIONAL_SOURCE_IN_CONFIG
silchar,Assam,0,0,0,NO_VERIFIED_REGIONAL_SOURCE_IN_CONFIG
tezpur,Assam,0,0,0,NO_VERIFIED_REGIONAL_SOURCE_IN_CONFIG
tinsukia,Assam,0,0,0,NO_VERIFIED_REGIONAL_SOURCE_IN_CONFIG
patna,Bihar,2,1,0,NO_VERIFIED_REGIONAL_SOURCE_IN_CONFIG
chandigarh,Chandigarh,2,0,0,NO_VERIFIED_REGIONAL_SOURCE_IN_CONFIG
bhilai,Chhattisgarh,0,0,0,NO_VERIFIED_REGIONAL_SOURCE_IN_CONFIG
bilaspur,Chhattisgarh,0,0,0,NO_VERIFIED_REGIONAL_SOURCE_IN_CONFIG
durg,Chhattisgarh,0,0,0,NO_VERIFIED_REGIONAL_SOURCE_IN_CONFIG
korba,Chhattisgarh,0,0,0,NO_VERIFIED_REGIONAL_SOURCE_IN_CONFIG
kota_chhattisgarh,Chhattisgarh,0,0,0,NO_VERIFIED_REGIONAL_SOURCE_IN_CONFIG
raipur,Chhattisgarh,0,0,0,NO_VERIFIED_REGIONAL_SOURCE_IN_CONFIG
rajnandgaon,Chhattisgarh,0,0,0,NO_VERIFIED_REGIONAL_SOURCE_IN_CONFIG
daman_and_diu,Dadra and Nagar Haveli and Daman and Diu,0,0,0,NO_VERIFIED_REGIONAL_SOURCE_IN_CONFIG
silvassa,Dadra and Nagar Haveli and Daman and Diu,0,0,0,NO_VERIFIED_REGIONAL_SOURCE_IN_CONFIG
delhi_ncr,Delhi,2,0,0,NO_VERIFIED_REGIONAL_SOURCE_IN_CONFIG
delhi,Delhi,2,1,0,NO_VERIFIED_REGIONAL_SOURCE_IN_CONFIG
new_delhi,Delhi,2,0,0,NO_VERIFIED_REGIONAL_SOURCE_IN_CONFIG
goa,Goa,1,0,0,NO_VERIFIED_REGIONAL_SOURCE_IN_CONFIG
ahmedabad,Gujarat,1,0,0,NO_VERIFIED_REGIONAL_SOURCE_IN_CONFIG
anand,Gujarat,0,0,0,NO_VERIFIED_REGIONAL_SOURCE_IN_CONFIG
banaskantha,Gujarat,0,0,0,NO_VERIFIED_REGIONAL_SOURCE_IN_CONFIG
bardoli,Gujarat,0,0,0,NO_VERIFIED_REGIONAL_SOURCE_IN_CONFIG
bharuch,Gujarat,0,0,0,NO_VERIFIED_REGIONAL_SOURCE_IN_CONFIG
bhavnagar,Gujarat,0,0,0,NO_VERIFIED_REGIONAL_SOURCE_IN_CONFIG
dholera,Gujarat,0,0,0,NO_VERIFIED_REGIONAL_SOURCE_IN_CONFIG
gandhinagar,Gujarat,0,0,0,NO_VERIFIED_REGIONAL_SOURCE_IN_CONFIG
junagadh,Gujarat,0,0,0,NO_VERIFIED_REGIONAL_SOURCE_IN_CONFIG
kalol,Gujarat,0,0,0,NO_VERIFIED_REGIONAL_SOURCE_IN_CONFIG
kheda,Gujarat,0,0,0,NO_VERIFIED_REGIONAL_SOURCE_IN_CONFIG
kutch,Gujarat,0,0,0,NO_VERIFIED_REGIONAL_SOURCE_IN_CONFIG
navsari,Gujarat,0,0,0,NO_VERIFIED_REGIONAL_SOURCE_IN_CONFIG
patan,Gujarat,0,0,0,NO_VERIFIED_REGIONAL_SOURCE_IN_CONFIG
rajkot,Gujarat,1,0,0,NO_VERIFIED_REGIONAL_SOURCE_IN_CONFIG
sabarkantha,Gujarat,0,0,0,NO_VERIFIED_REGIONAL_SOURCE_IN_CONFIG
surat,Gujarat,1,0,0,NO_VERIFIED_REGIONAL_SOURCE_IN_CONFIG
surendranagar,Gujarat,0,0,0,NO_VERIFIED_REGIONAL_SOURCE_IN_CONFIG
gujarat,Gujarat,0,0,0,NO_VERIFIED_REGIONAL_SOURCE_IN_CONFIG
vadodara,Gujarat,1,0,0,NO_VERIFIED_REGIONAL_SOURCE_IN_CONFIG
valsad,Gujarat,0,0,0,NO_VERIFIED_REGIONAL_SOURCE_IN_CONFIG
vapi,Gujarat,0,0,0,NO_VERIFIED_REGIONAL_SOURCE_IN_CONFIG
jamshedpur,Jharkhand,0,0,0,NO_VERIFIED_REGIONAL_SOURCE_IN_CONFIG
ranchi,Jharkhand,1,0,0,NO_VERIFIED_REGIONAL_SOURCE_IN_CONFIG
dhanbad,Jharkhand,0,0,0,NO_VERIFIED_REGIONAL_SOURCE_IN_CONFIG
calicut,Kerala,0,0,0,NO_VERIFIED_REGIONAL_SOURCE_IN_CONFIG
ernakulam,Kerala,0,0,0,NO_VERIFIED_REGIONAL_SOURCE_IN_CONFIG
kochi,Kerala,0,0,0,NO_VERIFIED_REGIONAL_SOURCE_IN_CONFIG
palakkad,Kerala,0,0,0,NO_VERIFIED_REGIONAL_SOURCE_IN_CONFIG
thrissur,Kerala,0,0,0,NO_VERIFIED_REGIONAL_SOURCE_IN_CONFIG
trivandrum,Kerala,0,0,0,NO_VERIFIED_REGIONAL_SOURCE_IN_CONFIG
bangalore,Karnataka,2,0,0,NO_VERIFIED_REGIONAL_SOURCE_IN_CONFIG
belgaum,Karnataka,0,0,0,NO_VERIFIED_REGIONAL_SOURCE_IN_CONFIG
hubli,Karnataka,0,0,0,NO_VERIFIED_REGIONAL_SOURCE_IN_CONFIG
mangalore,Karnataka,1,0,0,NO_VERIFIED_REGIONAL_SOURCE_IN_CONFIG
mysore,Karnataka,0,0,0,NO_VERIFIED_REGIONAL_SOURCE_IN_CONFIG
udupi,Karnataka,0,0,0,NO_VERIFIED_REGIONAL_SOURCE_IN_CONFIG
shimla,Himachal Pradesh,1,0,0,NO_VERIFIED_REGIONAL_SOURCE_IN_CONFIG
solan,Himachal Pradesh,0,0,0,NO_VERIFIED_REGIONAL_SOURCE_IN_CONFIG
mohali,Punjab,1,0,0,NO_VERIFIED_REGIONAL_SOURCE_IN_CONFIG
ludhiana,Punjab,1,0,0,NO_VERIFIED_REGIONAL_SOURCE_IN_CONFIG
amritsar,Punjab,1,0,0,NO_VERIFIED_REGIONAL_SOURCE_IN_CONFIG
jalandhar,Punjab,1,0,0,NO_VERIFIED_REGIONAL_SOURCE_IN_CONFIG
patiala,Punjab,0,0,0,NO_VERIFIED_REGIONAL_SOURCE_IN_CONFIG
hoshiarpur,Punjab,0,0,0,NO_VERIFIED_REGIONAL_SOURCE_IN_CONFIG
bhatinda,Punjab,0,0,0,NO_VERIFIED_REGIONAL_SOURCE_IN_CONFIG
sangrur,Punjab,0,0,0,NO_VERIFIED_REGIONAL_SOURCE_IN_CONFIG
chennai,Tamil Nadu,1,0,0,NO_VERIFIED_REGIONAL_SOURCE_IN_CONFIG
madurai,Tamil Nadu,0,0,0,NO_VERIFIED_REGIONAL_SOURCE_IN_CONFIG
coimbatore,Tamil Nadu,0,0,0,NO_VERIFIED_REGIONAL_SOURCE_IN_CONFIG
tiruchirappalli,Tamil Nadu,0,0,0,NO_VERIFIED_REGIONAL_SOURCE_IN_CONFIG
salem,Tamil Nadu,0,0,0,NO_VERIFIED_REGIONAL_SOURCE_IN_CONFIG
tirunelveli,Tamil Nadu,0,0,0,NO_VERIFIED_REGIONAL_SOURCE_IN_CONFIG
vellore,Tamil Nadu,0,0,0,NO_VERIFIED_REGIONAL_SOURCE_IN_CONFIG
tiruppur,Tamil Nadu,0,0,0,NO_VERIFIED_REGIONAL_SOURCE_IN_CONFIG
erode,Tamil Nadu,0,0,0,NO_VERIFIED_REGIONAL_SOURCE_IN_CONFIG
thoothukudi,Tamil Nadu,0,0,0,NO_VERIFIED_REGIONAL_SOURCE_IN_CONFIG
thanjavur,Tamil Nadu,0,0,0,NO_VERIFIED_REGIONAL_SOURCE_IN_CONFIG
dindigul,Tamil Nadu,0,0,0,NO_VERIFIED_REGIONAL_SOURCE_IN_CONFIG
hosur,Tamil Nadu,0,0,0,NO_VERIFIED_REGIONAL_SOURCE_IN_CONFIG
avadi,Tamil Nadu,0,0,0,NO_VERIFIED_REGIONAL_SOURCE_IN_CONFIG
cuddalore,Tamil Nadu,0,0,0,NO_VERIFIED_REGIONAL_SOURCE_IN_CONFIG
karur,Tamil Nadu,0,0,0,NO_VERIFIED_REGIONAL_SOURCE_IN_CONFIG
tambaram,Tamil Nadu,0,0,0,NO_VERIFIED_REGIONAL_SOURCE_IN_CONFIG
namakkal,Tamil Nadu,0,0,0,NO_VERIFIED_REGIONAL_SOURCE_IN_CONFIG
pudukkottai,Tamil Nadu,0,0,0,NO_VERIFIED_REGIONAL_SOURCE_IN_CONFIG
tiruvannamalai,Tamil Nadu,0,0,0,NO_VERIFIED_REGIONAL_SOURCE_IN_CONFIG
hyderabad,Telangana,1,0,0,NO_VERIFIED_REGIONAL_SOURCE_IN_CONFIG
warangal,Telangana,0,0,0,NO_VERIFIED_REGIONAL_SOURCE_IN_CONFIG
nizamabad,Telangana,0,0,0,NO_VERIFIED_REGIONAL_SOURCE_IN_CONFIG
karimnagar,Telangana,0,0,0,NO_VERIFIED_REGIONAL_SOURCE_IN_CONFIG
khammam,Telangana,0,0,0,NO_VERIFIED_REGIONAL_SOURCE_IN_CONFIG
mahabubnagar,Telangana,0,0,0,NO_VERIFIED_REGIONAL_SOURCE_IN_CONFIG
mancherial,Telangana,0,0,0,NO_VERIFIED_REGIONAL_SOURCE_IN_CONFIG
nalgonda,Telangana,0,0,0,NO_VERIFIED_REGIONAL_SOURCE_IN_CONFIG
suryapet,Telangana,0,0,0,NO_VERIFIED_REGIONAL_SOURCE_IN_CONFIG
kolkata,West Bengal,2,0,0,NO_VERIFIED_REGIONAL_SOURCE_IN_CONFIG
howrah,West Bengal,0,0,0,NO_VERIFIED_REGIONAL_SOURCE_IN_CONFIG
asansol,West Bengal,0,0,0,NO_VERIFIED_REGIONAL_SOURCE_IN_CONFIG
durgapur,West Bengal,0,0,0,NO_VERIFIED_REGIONAL_SOURCE_IN_CONFIG
siliguri,West Bengal,0,0,0,NO_VERIFIED_REGIONAL_SOURCE_IN_CONFIG
agartala,Tripura,0,0,0,NO_VERIFIED_REGIONAL_SOURCE_IN_CONFIG
mumbai,Maharashtra,2,0,0,NO_VERIFIED_REGIONAL_SOURCE_IN_CONFIG
pune,Maharashtra,2,0,0,NO_VERIFIED_REGIONAL_SOURCE_IN_CONFIG
navi_mumbai,Maharashtra,0,0,0,NO_VERIFIED_REGIONAL_SOURCE_IN_CONFIG
thane,Maharashtra,2,1,0,NO_VERIFIED_REGIONAL_SOURCE_IN_CONFIG
kalyan_dombivli,Maharashtra,2,0,0,NO_VERIFIED_REGIONAL_SOURCE_IN_CONFIG
nagpur,Maharashtra,0,0,0,NO_VERIFIED_REGIONAL_SOURCE_IN_CONFIG
nashik,Maharashtra,0,0,0,NO_VERIFIED_REGIONAL_SOURCE_IN_CONFIG
aurangabad,Maharashtra,0,0,0,NO_VERIFIED_REGIONAL_SOURCE_IN_CONFIG
kolhapur,Maharashtra,0,0,0,NO_VERIFIED_REGIONAL_SOURCE_IN_CONFIG
solapur,Maharashtra,0,0,0,NO_VERIFIED_REGIONAL_SOURCE_IN_CONFIG
ahmednagar,Maharashtra,0,0,0,NO_VERIFIED_REGIONAL_SOURCE_IN_CONFIG
amravati,Maharashtra,0,0,0,NO_VERIFIED_REGIONAL_SOURCE_IN_CONFIG
akola,Maharashtra,0,0,0,NO_VERIFIED_REGIONAL_SOURCE_IN_CONFIG
jalgaon,Maharashtra,0,0,0,NO_VERIFIED_REGIONAL_SOURCE_IN_CONFIG
nanded,Maharashtra,0,0,0,NO_VERIFIED_REGIONAL_SOURCE_IN_CONFIG
latur,Maharashtra,0,0,0,NO_VERIFIED_REGIONAL_SOURCE_IN_CONFIG
sangli,Maharashtra,0,0,0,NO_VERIFIED_REGIONAL_SOURCE_IN_CONFIG
ratnagiri,Maharashtra,0,0,0,NO_VERIFIED_REGIONAL_SOURCE_IN_CONFIG
chandrapur,Maharashtra,0,0,0,NO_VERIFIED_REGIONAL_SOURCE_IN_CONFIG
wardha,Maharashtra,0,0,0,NO_VERIFIED_REGIONAL_SOURCE_IN_CONFIG
dhule,Maharashtra,0,0,0,NO_VERIFIED_REGIONAL_SOURCE_IN_CONFIG
jalna,Maharashtra,0,0,0,NO_VERIFIED_REGIONAL_SOURCE_IN_CONFIG
yavatmal,Maharashtra,0,0,0,NO_VERIFIED_REGIONAL_SOURCE_IN_CONFIG
beed,Maharashtra,0,0,0,NO_VERIFIED_REGIONAL_SOURCE_IN_CONFIG
osmanabad,Maharashtra,0,0,0,NO_VERIFIED_REGIONAL_SOURCE_IN_CONFIG
palghar,Maharashtra,0,0,0,NO_VERIFIED_REGIONAL_SOURCE_IN_CONFIG
sindhudurg,Maharashtra,0,0,0,NO_VERIFIED_REGIONAL_SOURCE_IN_CONFIG
raigad,Maharashtra,0,0,0,NO_VERIFIED_REGIONAL_SOURCE_IN_CONFIG
bhubaneswar,Odisha,1,0,0,NO_VERIFIED_REGIONAL_SOURCE_IN_CONFIG
cuttack,Odisha,0,0,0,NO_VERIFIED_REGIONAL_SOURCE_IN_CONFIG
puri,Odisha,0,0,0,NO_VERIFIED_REGIONAL_SOURCE_IN_CONFIG
rourkela,Odisha,0,0,0,NO_VERIFIED_REGIONAL_SOURCE_IN_CONFIG
sambalpur,Odisha,0,0,0,NO_VERIFIED_REGIONAL_SOURCE_IN_CONFIG
berhampur,Odisha,0,0,0,NO_VERIFIED_REGIONAL_SOURCE_IN_CONFIG
balasore,Odisha,0,0,0,NO_VERIFIED_REGIONAL_SOURCE_IN_CONFIG
dehradun,Uttarakhand,1,0,0,NO_VERIFIED_REGIONAL_SOURCE_IN_CONFIG
haridwar,Uttarakhand,0,0,0,NO_VERIFIED_REGIONAL_SOURCE_IN_CONFIG
roorkee,Uttarakhand,0,0,0,NO_VERIFIED_REGIONAL_SOURCE_IN_CONFIG
rudrapur,Uttarakhand,0,0,0,NO_VERIFIED_REGIONAL_SOURCE_IN_CONFIG
rishikesh,Uttarakhand,0,0,0,NO_VERIFIED_REGIONAL_SOURCE_IN_CONFIG
pondicherry,Puducherry,0,0,0,NO_VERIFIED_REGIONAL_SOURCE_IN_CONFIG
jaipur,Rajasthan,2,0,0,NO_VERIFIED_REGIONAL_SOURCE_IN_CONFIG
bhiwadi,Rajasthan,0,0,0,NO_VERIFIED_REGIONAL_SOURCE_IN_CONFIG
kota,Rajasthan,0,0,0,NO_VERIFIED_REGIONAL_SOURCE_IN_CONFIG
udaipur,Rajasthan,0,0,0,NO_VERIFIED_REGIONAL_SOURCE_IN_CONFIG
jodhpur,Rajasthan,0,0,0,NO_VERIFIED_REGIONAL_SOURCE_IN_CONFIG
ajmer,Rajasthan,0,0,0,NO_VERIFIED_REGIONAL_SOURCE_IN_CONFIG
sikar,Rajasthan,0,0,0,NO_VERIFIED_REGIONAL_SOURCE_IN_CONFIG
alwar,Rajasthan,0,0,0,NO_VERIFIED_REGIONAL_SOURCE_IN_CONFIG
neemrana,Rajasthan,0,0,0,NO_VERIFIED_REGIONAL_SOURCE_IN_CONFIG
bikaner,Rajasthan,0,0,0,NO_VERIFIED_REGIONAL_SOURCE_IN_CONFIG
bhilwara,Rajasthan,0,0,0,NO_VERIFIED_REGIONAL_SOURCE_IN_CONFIG
pali,Rajasthan,0,0,0,NO_VERIFIED_REGIONAL_SOURCE_IN_CONFIG
sri_ganganagar,Rajasthan,0,0,0,NO_VERIFIED_REGIONAL_SOURCE_IN_CONFIG
sirohi,Rajasthan,0,0,0,NO_VERIFIED_REGIONAL_SOURCE_IN_CONFIG
tonk,Rajasthan,0,0,0,NO_VERIFIED_REGIONAL_SOURCE_IN_CONFIG
hanumangarh,Rajasthan,0,0,0,NO_VERIFIED_REGIONAL_SOURCE_IN_CONFIG
nagaur,Rajasthan,0,0,0,NO_VERIFIED_REGIONAL_SOURCE_IN_CONFIG
barmer,Rajasthan,0,0,0,NO_VERIFIED_REGIONAL_SOURCE_IN_CONFIG
jhalawar,Rajasthan,0,0,0,NO_VERIFIED_REGIONAL_SOURCE_IN_CONFIG
noida,Uttar Pradesh,46,5,0,NO_VERIFIED_REGIONAL_SOURCE_IN_CONFIG
ghaziabad,Uttar Pradesh,0,0,0,NO_VERIFIED_REGIONAL_SOURCE_IN_CONFIG
lucknow,Uttar Pradesh,2,0,0,NO_VERIFIED_REGIONAL_SOURCE_IN_CONFIG
kanpur,Uttar Pradesh,0,0,0,NO_VERIFIED_REGIONAL_SOURCE_IN_CONFIG
varanasi,Uttar Pradesh,0,0,0,NO_VERIFIED_REGIONAL_SOURCE_IN_CONFIG
agra,Uttar Pradesh,0,0,0,NO_VERIFIED_REGIONAL_SOURCE_IN_CONFIG
meerut,Uttar Pradesh,0,0,0,NO_VERIFIED_REGIONAL_SOURCE_IN_CONFIG
vrindavan,Uttar Pradesh,0,0,0,NO_VERIFIED_REGIONAL_SOURCE_IN_CONFIG
allahabad,Uttar Pradesh,0,0,0,NO_VERIFIED_REGIONAL_SOURCE_IN_CONFIG
mathura,Uttar Pradesh,0,0,0,NO_VERIFIED_REGIONAL_SOURCE_IN_CONFIG
gorakhpur,Uttar Pradesh,0,0,0,NO_VERIFIED_REGIONAL_SOURCE_IN_CONFIG
bareilly,Uttar Pradesh,0,0,0,NO_VERIFIED_REGIONAL_SOURCE_IN_CONFIG
aligarh,Uttar Pradesh,0,0,0,NO_VERIFIED_REGIONAL_SOURCE_IN_CONFIG
jhansi,Uttar Pradesh,0,0,0,NO_VERIFIED_REGIONAL_SOURCE_IN_CONFIG
moradabad,Uttar Pradesh,0,0,0,NO_VERIFIED_REGIONAL_SOURCE_IN_CONFIG
hapur,Uttar Pradesh,0,0,0,NO_VERIFIED_REGIONAL_SOURCE_IN_CONFIG
barabanki,Uttar Pradesh,0,0,0,NO_VERIFIED_REGIONAL_SOURCE_IN_CONFIG
firozabad,Uttar Pradesh,0,0,0,NO_VERIFIED_REGIONAL_SOURCE_IN_CONFIG
