GEO_ID,SOURCE,LANGUAGE,EVENT,EXPECTED_GEO,CURRENT_GEO,AVAILABLE_EVIDENCE,FIRST_GEO_LOSS_STAGE,PRIMARY_CAUSE,ROUTABLE_POSITIVE_RECALL_CASE,EXPLANATION
"task17-021","https://transport.rajasthan.gov.in/jmrc","not-captured","REJECT_OFF_TOPIC","CITY:jaipur","NO_CITY","Jaipur","EDITORIAL_QUALIFICATION_BEFORE_ROUTING","OTHER","false","Non-publishable negative/off-topic control; geo intentionally suppressed."
"task17-036","https://faridabad.nic.in/department/faridabad-metropolitan-development-authority-fmda","not-captured","REJECT_OFF_TOPIC","CITY:faridabad","NO_CITY","Faridabad","EDITORIAL_QUALIFICATION_BEFORE_ROUTING","OTHER","false","Non-publishable negative/off-topic control; geo intentionally suppressed."
"task17-037","https://gnida.up.gov.in/en/announcements","not-captured","REJECT_INSUFFICIENT","CITY:noida","NO_CITY","Greater Noida","EDITORIAL_QUALIFICATION_BEFORE_ROUTING","ARTICLE_EVIDENCE_NOT_EXTRACTED","false","Insufficient article evidence; city field alone is not publishable geo proof."
"task17-038","https://gnida.up.gov.in/en/announcements","not-captured","REJECT_INSUFFICIENT","CITY:noida","NO_CITY","Greater Noida","EDITORIAL_QUALIFICATION_BEFORE_ROUTING","ARTICLE_EVIDENCE_NOT_EXTRACTED","false","Insufficient article evidence; city field alone is not publishable geo proof."
"task17-040","https://www.bda.gov.in/notice","not-captured","REJECT_INSUFFICIENT","CITY:bhubaneswar","NO_CITY","Bhubaneswar","EDITORIAL_QUALIFICATION_BEFORE_ROUTING","ARTICLE_EVIDENCE_NOT_EXTRACTED","false","Insufficient article evidence; city field alone is not publishable geo proof."
"task17-041","https://www.cial.aero/News-Updates/URL","not-captured","REJECT_OFF_TOPIC","CITY:kochi","NO_CITY","Kochi","EDITORIAL_QUALIFICATION_BEFORE_ROUTING","OTHER","false","Non-publishable negative/off-topic control; geo intentionally suppressed."
"task17-042","https://www.cial.aero/News-Updates/URL","not-captured","REJECT_OFF_TOPIC","CITY:kochi","NO_CITY","Kochi","EDITORIAL_QUALIFICATION_BEFORE_ROUTING","OTHER","false","Non-publishable negative/off-topic control; geo intentionally suppressed."
"task17-053","https://timesofindia.indiatimes.com/rssfeeds/-2128830821.cms","not-captured","REJECT_OFF_TOPIC","CITY:kolkata","NO_CITY","Kolkata","EDITORIAL_QUALIFICATION_BEFORE_ROUTING","OTHER","false","Non-publishable negative/off-topic control; geo intentionally suppressed."
"task17-060","https://www.hindustantimes.com/feeds/rss/cities/patna-news/rssfeed.xml","not-captured","REJECT_NEGATIVE","CITY:patna","NO_CITY","Patna","EDITORIAL_QUALIFICATION_BEFORE_ROUTING","OTHER","false","Non-publishable negative/off-topic control; geo intentionally suppressed."
"task17-065","https://www.hindustantimes.com/feeds/rss/cities/gurugram-news/rssfeed.xml","not-captured","REJECT_NEGATIVE","CITY:gurugram","NO_CITY","Gurugram","EDITORIAL_QUALIFICATION_BEFORE_ROUTING","OTHER","false","Non-publishable negative/off-topic control; geo intentionally suppressed."
"task17-066","https://www.hindustantimes.com/feeds/rss/cities/lucknow-news/rssfeed.xml","not-captured","REJECT_OFF_TOPIC","CITY:lucknow","NO_CITY","Lucknow","EDITORIAL_QUALIFICATION_BEFORE_ROUTING","OTHER","false","Non-publishable negative/off-topic control; geo intentionally suppressed."
"task22-006","Amar Ujala","not-captured","REJECT_INSUFFICIENT","CITY:delhi","NO_CITY","Delhi","EDITORIAL_QUALIFICATION_BEFORE_ROUTING","ARTICLE_EVIDENCE_NOT_EXTRACTED","false","Insufficient article evidence; city field alone is not publishable geo proof."
"task22-007","Amar Ujala","not-captured","REJECT_OFF_TOPIC","CITY:delhi","NO_CITY","Delhi","EDITORIAL_QUALIFICATION_BEFORE_ROUTING","OTHER","false","Non-publishable negative/off-topic control; geo intentionally suppressed."
"task22-008","Loksatta","not-captured","REJECT_NEGATIVE","CITY:pune","NO_CITY","Pune","EDITORIAL_QUALIFICATION_BEFORE_ROUTING","OTHER","false","Non-publishable negative/off-topic control; geo intentionally suppressed."
"task22-013","Loksatta","not-captured","REJECT_NEGATIVE","CITY:pune","NO_CITY","Pune","EDITORIAL_QUALIFICATION_BEFORE_ROUTING","OTHER","false","Non-publishable negative/off-topic control; geo intentionally suppressed."
"task22-014","Manorama Online","not-captured","REJECT_OFF_TOPIC","CITY:kochi","NO_CITY","Kochi","EDITORIAL_QUALIFICATION_BEFORE_ROUTING","OTHER","false","Non-publishable negative/off-topic control; geo intentionally suppressed."
"task22-027","Sakshi","not-captured","REJECT_INSUFFICIENT","CITY:hyderabad","NO_CITY","Hyderabad","EDITORIAL_QUALIFICATION_BEFORE_ROUTING","ARTICLE_EVIDENCE_NOT_EXTRACTED","false","Insufficient article evidence; city field alone is not publishable geo proof."
"task22-010","Maharashtra Times","not-captured","REJECT_NEGATIVE","CITY:bangalore","NO_CITY","Bengaluru","EDITORIAL_QUALIFICATION_BEFORE_ROUTING","OTHER","false","Non-publishable negative/off-topic control; geo intentionally suppressed."
"task22-011","Maharashtra Times","not-captured","REJECT_NEGATIVE","CITY:navi_mumbai","NO_CITY","Navi Mumbai","EDITORIAL_QUALIFICATION_BEFORE_ROUTING","OTHER","false","Non-publishable negative/off-topic control; geo intentionally suppressed."
"task22-023","Vijaya Karnataka","not-captured","REJECT_INSUFFICIENT","CITY:bangalore","NO_CITY","Bengaluru","EDITORIAL_QUALIFICATION_BEFORE_ROUTING","ARTICLE_EVIDENCE_NOT_EXTRACTED","false","Insufficient article evidence; city field alone is not publishable geo proof."
"task22-025","Vijaya Karnataka","not-captured","REJECT_NEGATIVE","CITY:bangalore","NO_CITY","Bengaluru","EDITORIAL_QUALIFICATION_BEFORE_ROUTING","OTHER","false","Non-publishable negative/off-topic control; geo intentionally suppressed."
"task22-056","www.anandabazar.com","not-captured","REJECT_NEGATIVE","CITY:kolkata","NO_CITY","Kolkata","EDITORIAL_QUALIFICATION_BEFORE_ROUTING","OTHER","false","Non-publishable negative/off-topic control; geo intentionally suppressed."
