sourceId,url,originalStatus,state,discovered,readable,current,relevantSafe,geoValid,review,duplicates,uniqueWouldPublish,error
"source-05b635a5599004a4","https://rera.assam.gov.in","TIMEOUT","TIMEOUT_LISTING","0","0","0","0","0","0","0","0","source timed out after 10000ms"
"source-0819a5254e8497cb","https://mddaonline.in","TIMEOUT","TIMEOUT_LISTING","0","0","0","0","0","0","0","0","source timed out after 10000ms"
"source-0bb8db938cd1fa9a","https://rera.goa.gov.in","NO_CURRENT_CONTENT","WORKING_NO_CURRENT_EVENT","10","2","0","0","1","3","0","0",""
"source-0f22334df40bb729","https://rera.ap.gov.in/RERA/Views/index.html","TIMEOUT","TIMEOUT_LISTING","0","0","0","0","0","0","0","0","source timed out after 10000ms"
"source-19f479d653cb797d","https://cpc.parivesh.nic.in","TRANSPORT_FAILURE","OTHER","0","0","0","0","0","0","0","0","WORKER_EXIT_13"
"source-1dc41e0b6e4be45b","https://gccservices.chennaicorporation.gov.in","NO_DISCOVERY","LISTING_DISCOVERY_FAILED","0","0","0","0","0","0","0","0",""
"source-2117ebe9a65bdc8e","https://rera.chbonline.in","TRANSPORT_FAILURE","OTHER","0","0","0","0","0","0","0","0","WORKER_EXIT_13"
"source-2160d3897ff99004","https://chennaicorporation.gov.in/gcc/tender","TIMEOUT","TIMEOUT_LISTING","0","0","0","0","0","0","0","0","source timed out after 10000ms"
"source-255baeed8fbe5975","https://cidco.maharashtra.gov.in","NO_DISCOVERY","LISTING_DISCOVERY_FAILED","0","0","0","0","0","0","0","0",""
"source-271ee36b0f5ede3a","https://bbmp.gov.in","TIMEOUT","TIMEOUT_LISTING","0","0","0","0","0","0","0","0","source timed out after 10000ms"
"source-2b4186596134aebd","https://ghmc.gov.in/Tenderspage.aspx","TRANSPORT_FAILURE","OTHER","0","0","0","0","0","0","0","0","WORKER_EXIT_13"
"source-2c49fe09a08d8b82","https://gmda.assam.gov.in","NO_CURRENT_CONTENT","WORKING_NO_CURRENT_EVENT","33","0","0","0","0","4","0","0",""
"source-2eac717952b3fae9","https://indiainvestmentgrid.gov.in/index.jsp","TRANSPORT_FAILURE","OTHER","0","0","0","0","0","0","0","0","WORKER_EXIT_13"
"source-349ba798a2c6913e","https://gidc.gujarat.gov.in","TIMEOUT","TIMEOUT_LISTING","0","0","0","0","0","0","0","0","source timed out after 10000ms"
"source-34a6ba90754779b1","https://mmrda.maharashtra.gov.in/en/news-and-announcements/archive","TRANSPORT_FAILURE","OTHER","0","0","0","0","0","0","0","0","WORKER_EXIT_13"
"source-501a019f328c1e87","https://hsvphry.org.in","TIMEOUT","TIMEOUT_LISTING","0","0","0","0","0","0","0","0","source timed out after 10000ms"
"source-52460f6ad0b0218d","https://noidaauthorityonline.in","TIMEOUT","TIMEOUT_LISTING","0","0","0","0","0","0","0","0","source timed out after 10000ms"
"source-56a9c55a80da95c2","https://cochinport.gov.in/tenders","TIMEOUT","TIMEOUT_LISTING","0","0","0","0","0","0","0","0","source timed out after 10000ms"
"source-5989f08d3ef07e0c","https://gujrera.gujarat.gov.in","TIMEOUT","TIMEOUT_LISTING","0","0","0","0","0","0","0","0","source timed out after 10000ms"
"source-66fbfad45dde6e58","https://rera.karnataka.gov.in","TIMEOUT","TIMEOUT_LISTING","0","0","0","0","0","0","0","0","source timed out after 10000ms"
"source-682aa38907aa24e2","https://gmda.gov.in","TIMEOUT","TIMEOUT_LISTING","0","0","0","0","0","0","0","0","source timed out after 10000ms"
"source-6846479179af5fbc","https://realty.economictimes.indiatimes.com/rss/rera","SUCCESS_PRODUCTIVE","PRODUCTIVE","20","20","13","4","6","2","0","4",""
"source-6acbdd7c8dcb2f25","https://indianexpress.com/about/greater-noida-authority","TRANSPORT_FAILURE","OTHER","0","0","0","0","0","0","0","0","WORKER_EXIT_13"
"source-6cdf4e7d41d93248","https://puda.punjab.gov.in","TIMEOUT","TIMEOUT_LISTING","0","0","0","0","0","0","0","0","source timed out after 10000ms"
"source-6ec41eab75151214","https://nhai.gov.in","NO_DISCOVERY","LISTING_DISCOVERY_FAILED","0","0","0","0","0","0","0","0",""
"source-707a9ed921155562","https://crda.ap.gov.in","TIMEOUT","TIMEOUT_LISTING","0","0","0","0","0","0","0","0","source timed out after 10000ms"
"source-7330dd3bf8577c7d","https://mcg.gov.in","NO_DISCOVERY","LISTING_DISCOVERY_FAILED","0","0","0","0","0","0","0","0",""
"source-75acb205b06dcbf0","https://gnida.up.gov.in/en/announcements","TIMEOUT","TIMEOUT_LISTING","0","0","0","0","0","0","0","0","source timed out after 10000ms"
"source-75bf7db466fcc3ba","https://ipm.mospi.gov.in/Home/Index","TRANSPORT_FAILURE","OTHER","0","0","0","0","0","0","0","0","WORKER_EXIT_13"
"source-7a8d77c28455dee7","https://rera.cgstate.gov.in","TIMEOUT","TIMEOUT_LISTING","0","0","0","0","0","0","0","0","source timed out after 10000ms"
"source-8ceac557d3e13cc9","https://cci.gov.in/combination/green-channel-view","NO_CURRENT_CONTENT","WORKING_NO_CURRENT_EVENT","13","13","0","0","0","1","0","0",""
"source-91728a7f7f903a29","https://crmapp.mcgm.gov.in/irj/portal/anonymous/qlpressrelease","TIMEOUT","TIMEOUT_LISTING","0","0","0","0","0","0","0","0","source timed out after 10000ms"
"source-98dc1aefb7d87956","https://dda.gov.in","TIMEOUT","TIMEOUT_LISTING","0","0","0","0","0","0","0","0","source timed out after 10000ms"
"source-9ca12fdc56acd06a","https://ahmedabadcity.gov.in/DC/Tenders","TIMEOUT","TIMEOUT_LISTING","0","0","0","0","0","0","0","0","source timed out after 10000ms"
"source-9e279c31d1d37cbe","https://haryanarera.gov.in","NO_DISCOVERY","LISTING_DISCOVERY_FAILED","0","0","0","0","0","0","0","0",""
"source-a36eae1f22951043","https://gcda.kerala.gov.in","NO_CURRENT_CONTENT","WORKING_NO_CURRENT_EVENT","20","18","0","0","16","1","0","0",""
"source-a827f7ee37beaf5a","https://paradipport.gov.in/tenders","NO_CURRENT_CONTENT","WORKING_NO_CURRENT_EVENT","20","19","0","0","0","12","0","0",""
"source-aba9a5ecde1da7fd","https://jharera.jharkhand.gov.in/home","TRANSPORT_FAILURE","OTHER","0","0","0","0","0","0","0","0","WORKER_EXIT_13"
"source-b42f43c46525805c","https://ncrpb.nic.in","NO_CURRENT_CONTENT","WORKING_NO_CURRENT_EVENT","6","1","0","0","0","0","0","0",""
"source-c29bded819119079","https://faridabad.nic.in/department/faridabad-metropolitan-development-authority-fmda","SUCCESS_PRODUCTIVE","PRODUCTIVE","25","19","0","1","2","1","0","1",""
"source-c7d973a10c046b5f","https://ibbi.gov.in/orders/nclt","TIMEOUT","TIMEOUT_LISTING","0","0","0","0","0","0","0","0","source timed out after 10000ms"
"source-cbdf4aa4b1a4151c","https://bda.gov.in","TIMEOUT","TIMEOUT_LISTING","0","0","0","0","0","0","0","0","source timed out after 10000ms"
"source-ce1128afcbc6a427","https://portal.mcgm.gov.in/irj/portal/anonymous/qletenders_new?guest_user=english","TIMEOUT","TIMEOUT_LISTING","0","0","0","0","0","0","0","0","source timed out after 10000ms"
"source-d63ad7294e83aed6","https://morth.nic.in","NO_DISCOVERY","LISTING_DISCOVERY_FAILED","0","0","0","0","0","0","0","0",""
"source-e15e4823ba0c865f","https://indianrailways.gov.in/railwayboard","TRANSPORT_FAILURE","OTHER","0","0","0","0","0","0","0","0","WORKER_EXIT_13"
"source-e82bc3f2658867db","https://aiforera.org","TIMEOUT","TIMEOUT_LISTING","0","0","0","0","0","0","0","0","WORKER_TIMEOUT_AFTER_10000MS"
"source-f314b62178552313","https://maharera.mahaonline.gov.in","TIMEOUT","TIMEOUT_LISTING","0","0","0","0","0","0","0","0","source timed out after 10000ms"
"source-f3f91d9edfc6c0b1","https://mohua.gov.in","NO_DISCOVERY","LISTING_DISCOVERY_FAILED","0","0","0","0","0","0","0","0",""
"source-f535177838dc3512","https://rera.bihar.gov.in/Newsarticles.aspx","TRANSPORT_FAILURE","OTHER","0","0","0","0","0","0","0","0","WORKER_EXIT_13"
"source-f75d5b54452cd00f","https://mhada.gov.in/en/latest-news","TRANSPORT_FAILURE","OTHER","0","0","0","0","0","0","0","0","WORKER_EXIT_13"
