BENCHMARK_ID,URL,SOURCE,SOURCE_FAMILY,ORIGINAL_TITLE,LANGUAGE,DATE,EXPECTED_EVENT_CLASS,EXPECTED_GEO,WHY_QUALIFYING,FROZEN_EXPECTED_DECISION,INCLUDED_IN_RECALL,FROZEN_AT,SOURCE_VERIFIED_BEFORE_ENGINE_COMPARISON
"delhi-dda-janta-awaas-phase-ii-2026","https://dda.gov.in/housing/housing-circulars","Official DDA circular register lists the 24-09-2026 Phase II launch and current housing circulars.","OFFICIAL_HOUSING_CIRCULAR","DDA Janta Awaas Yojana Phase II 2026","en","","OFFICIAL_HOUSING_CIRCULAR","new_delhi","Official DDA circular register lists the 24-09-2026 Phase II launch and current housing circulars.","PUBLISH_OR_REVIEW","true","2026-10-03","true"
"indore-ida-scheme-sales-september-2026","https://www.idaindore.org/frmSchemes.aspx","Official IDA sale register lists dated residential flats, row-houses, residential plots and lottery notices.","AUTHORITY_SCHEME_SALE","IDA Scheme 103, Scheme 134, Scheme 78 Aranya and Scheme 114 sale notices","en-hi","","AUTHORITY_SCHEME_SALE","indore","Official IDA sale register lists dated residential flats, row-houses, residential plots and lottery notices.","PUBLISH_OR_REVIEW","true","2026-10-03","true"
"nashik-mhada-lottery-september-2026","https://mhada.gov.in/en/nashik","Official MHADA Nashik Board page lists the September 2026 advertisement, booklet and results.","OFFICIAL_LOTTERY_ADVERTISEMENT","Advertisement and booklet for sale of tenement of Nashik Board Lottery September 2026","en-mr","","OFFICIAL_LOTTERY_ADVERTISEMENT","nashik","Official MHADA Nashik Board page lists the September 2026 advertisement, booklet and results.","PUBLISH_OR_REVIEW","true","2026-10-03","true"
"kota-udh-authority-auction-surfaces","https://lsg.urban.rajasthan.gov.in/content/raj/udh/en/UDH/uits/uitkota/e-services/udh-online-services.html","Official Rajasthan UDH/UIT Kota page exposes e-auction services and Kota authority contact/surface links.","AUTHORITY_AUCTION","Kota UIT/KDA residential and commercial scheme/auction notices","en-hi","","AUTHORITY_AUCTION","kota","Official Rajasthan UDH/UIT Kota page exposes e-auction services and Kota authority contact/surface links.","REVIEW","false","2026-10-03","true"
"up-rera-press-release-register","https://www.up-rera.in/PressRelease","Official UP RERA press-release register exposes English/Hindi release rows and View File document links.","RERA_PRESS_RELEASE","UP RERA press-release register and project approval releases","en-hi","","RERA_PRESS_RELEASE","state-scoped","Official UP RERA press-release register exposes English/Hindi release rows and View File document links.","PUBLISH_OR_REVIEW","true","2026-10-03","true"
"gujarat-rera-public-search","https://gujrera.gujarat.gov.in/","Official GujRERA portal exposes public project search, announcements and regulatory document surfaces.","RERA_PUBLIC_SEARCH","GujRERA registered-project and announcements surfaces","en-gu","","RERA_PUBLIC_SEARCH","state-scoped","Official GujRERA portal exposes public project search, announcements and regulatory document surfaces.","REVIEW","false","2026-10-03","true"
"haryana-rera-project-search","https://www.hareraggm.gov.in/en/search-project.php","Official HRERA Gurugram project search page is reachable and exposes project/document search, but the supplied Rohtak/Palwal/Ambala examples were not independently verified as exact current records here.","RERA_PROJECT_SEARCH","HRERA Gurugram project search and document surfaces","en","","RERA_PROJECT_SEARCH","state-scoped","Official HRERA Gurugram project search page is reachable and exposes project/document search, but the supplied Rohtak/Palwal/Ambala examples were not independently verified as exact current records here.","REVIEW","false","2026-10-03","true"
"cidco-navi-mumbai-surface","https://cidco.maharashtra.gov.in","Official CIDCO portal is configured and reachable as an authority surface; the supplied 1567-society example was not independently verified as one exact current page here.","AUTHORITY_REDEVELOPMENT","CIDCO Navi Mumbai development/redevelopment notices","en-mr","","AUTHORITY_REDEVELOPMENT","navi_mumbai","Official CIDCO portal is configured and reachable as an authority surface; the supplied 1567-society example was not independently verified as one exact current page here.","REVIEW","false","2026-10-03","true"
"unverified-user-supplied-cases","","Supplied in Task42 brief; no exact official article/document URL was independently confirmed in this read-only benchmark.","UNVERIFIED_EXTERNAL_CASE","Coimbatore TNHB, Warangal Housing Board, Raigad Pen, Bhavnagar, Jabalpur and Ujjain examples","unknown","","UNVERIFIED_EXTERNAL_CASE","multiple","Supplied in Task42 brief; no exact official article/document URL was independently confirmed in this read-only benchmark.","EXCLUDE_UNVERIFIED","false","2026-10-03","false"
