RECORD_ID,SOURCE,SOURCE_FAMILY,TITLE,HUMAN_LABEL,HUMAN_CITY,BEFORE_EXTRACTION,BEFORE_FINAL_STATE,AFTER_EXTRACTION,AFTER_REASON_CODES,AFTER_TEXT_LENGTH,AFTER_RELEVANCE,AFTER_NEGATIVE,AFTER_GEO_CODES,AFTER_FIRST_LOSS,AFTER_WOULD_PUBLISH,TRANSPORT_STATUS,TRANSPORT_ERROR,TRANSPORT_ELAPSED_MS
task17-001,https://realty.economictimes.indiatimes.com/rss/technology,ET_REALTY,DDA launches digital map for areas planned under Master Plan for Delhi 2047,PUBLISH,Delhi,JAVASCRIPT_CONTAMINATED,NO_GEO,JSON_LD_ARTICLE_BODY,JSON_LD_USED,1573,authority_pipeline,PASS,delhi|new_delhi,NONE,YES,200,,134
task17-002,https://realty.economictimes.indiatimes.com/rss/cement,ET_REALTY,Cement capacity set to outpace demand through FY29,REJECT_OFF_TOPIC,,JAVASCRIPT_CONTAMINATED,NO_GEO,JSON_LD_ARTICLE_BODY,JSON_LD_USED,2401,unclassified,PASS,,RELEVANCE,NO,200,,116
task17-003,https://realty.economictimes.indiatimes.com/rss/cement,ET_REALTY,JSW Cement approves merger of Shiva Cement; sets 5:41 share-swap ratio,REJECT_OFF_TOPIC,,JAVASCRIPT_CONTAMINATED,NO_GEO,JSON_LD_ARTICLE_BODY,JSON_LD_USED,1614,unclassified,PASS,delhi|new_delhi,RELEVANCE,NO,200,,96
task17-004,https://realty.economictimes.indiatimes.com/rss/hospitality,ET_REALTY,"CPP Investments to invest ₹3,000 crore in Prestige Hospitality Ventures for 27% stake",REJECT_INSUFFICIENT,,JAVASCRIPT_CONTAMINATED,NO_GEO,JSON_LD_ARTICLE_BODY,JSON_LD_USED,1961,unclassified,PASS,delhi|new_delhi|goa|bangalore|chennai|hyderabad|mumbai,RELEVANCE,NO,200,,97
task17-005,https://realty.economictimes.indiatimes.com/rss/industry,ET_REALTY,Complete redevelopment in two years from plinth stage: Maharashtra government,REJECT_INSUFFICIENT,,JAVASCRIPT_CONTAMINATED,NO_GEO,JSON_LD_ARTICLE_BODY,JSON_LD_USED,3357,unclassified,PASS,mumbai,RELEVANCE,NO,200,,139
task17-006,https://realty.economictimes.indiatimes.com/rss/recentstories,ET_REALTY,Indian design must absorb global influences without losing cultural identity: Sunita Kohli,REJECT_OFF_TOPIC,,JAVASCRIPT_CONTAMINATED,NO_GEO,JSON_LD_ARTICLE_BODY,JSON_LD_USED,12895,unclassified,PASS,gurugram|gwalior|delhi|new_delhi|mohali|hyderabad|mumbai,RELEVANCE,NO,200,,128
task17-007,https://realty.economictimes.indiatimes.com/rss/international,ET_REALTY,"UK first-time buyer scheme lifts housebuilders, but success hinges on design",REJECT_OFF_TOPIC,,JAVASCRIPT_CONTAMINATED,NO_GEO,JSON_LD_ARTICLE_BODY,JSON_LD_USED,3600,unclassified,PASS,bangalore,RELEVANCE,NO,200,,59
task17-008,https://realty.economictimes.indiatimes.com/rss/recentstories,ET_REALTY,Ahmedabad: Seven illegally constructed residential units in Fatehwadi razed,REJECT_NEGATIVE,Ahmedabad,JAVASCRIPT_CONTAMINATED,NO_GEO,SEMANTIC_HTML,QUALITY_GATE_PASS,2211,project_development,PASS,ahmedabad,NONE,YES,200,,43
task17-009,https://realty.economictimes.indiatimes.com/rss/residential,ET_REALTY,Branded residences must deliver long-term value beyond the brand name: Industry leaders,REJECT_OFF_TOPIC,,JAVASCRIPT_CONTAMINATED,NO_GEO,JSON_LD_ARTICLE_BODY,JSON_LD_USED,4841,unclassified,PASS,delhi|new_delhi,RELEVANCE,NO,200,,84
task17-010,https://realty.economictimes.indiatimes.com/rss/technology,ET_REALTY,Telecom Regulatory Authority of India launches digital connectivity rating platform for properties,REJECT_INSUFFICIENT,,JAVASCRIPT_CONTAMINATED,NO_GEO,JSON_LD_ARTICLE_BODY,JSON_LD_USED,3273,unclassified,PASS,delhi|new_delhi,RELEVANCE,NO,200,,54
task17-011,https://infra.economictimes.indiatimes.com/rss/construction,ET_INFRA,BEML unveils indigenously developed 60-ton electric dump truck,REJECT_OFF_TOPIC,,JAVASCRIPT_CONTAMINATED,NO_GEO,JSON_LD_ARTICLE_BODY,JSON_LD_USED,2846,reject_negative,REJECT_NEGATIVE,mysore,RELEVANCE,NO,200,,110
task17-012,https://infra.economictimes.indiatimes.com/rss/corporate,ET_INFRA,Tata Trusts vice chairman Vijay Singh flags SDTT 'meddling' in Tata Sons,REJECT_OFF_TOPIC,,JAVASCRIPT_CONTAMINATED,NO_GEO,JSON_LD_ARTICLE_BODY,JSON_LD_USED,3707,reject_negative,REJECT_NEGATIVE,mumbai,RELEVANCE,NO,200,,312
task17-013,https://infra.economictimes.indiatimes.com/rss/railways,ET_INFRA,Darjeeling 'Toy Train' chugs into top 50 global destinations in 2027,REJECT_OFF_TOPIC,,JAVASCRIPT_CONTAMINATED,NO_GEO,JSON_LD_ARTICLE_BODY,JSON_LD_USED,1518,unclassified,PASS,gujarat|kolkata,RELEVANCE,NO,200,,78
task17-014,https://infra.economictimes.indiatimes.com/rss/roads-highways,ET_INFRA,NHAI to conduct special quality checks on 17 highway projects with low bids,REJECT_INSUFFICIENT,,JAVASCRIPT_CONTAMINATED,NO_GEO,JSON_LD_ARTICLE_BODY,JSON_LD_USED,2334,unclassified,PASS,gujarat,RELEVANCE,NO,200,,90
task17-015,https://infra.economictimes.indiatimes.com/rss/urban-infrastructure,ET_INFRA,"UP’s Project GANGA gets 3,000 DSP applications since its launch in June",REJECT_OFF_TOPIC,,JAVASCRIPT_CONTAMINATED,NO_GEO,JSON_LD_ARTICLE_BODY,JSON_LD_USED,3553,unclassified,PASS,lucknow,RELEVANCE,NO,200,,67
task17-016,https://infra.economictimes.indiatimes.com/rss/urban-transportation,ET_INFRA,L&T extends Hyderabad Metro stake sale timeline to December 31,REJECT_NEGATIVE,Hyderabad,JAVASCRIPT_CONTAMINATED,NO_GEO,JSON_LD_ARTICLE_BODY,JSON_LD_USED,1818,project_development,PASS,hyderabad,NONE,YES,200,,50
task17-017,https://infra.economictimes.indiatimes.com/rss/water,ET_INFRA,Kaleshwaram rehabilitation may include end-to-end diaphragm wall at Medigadda barrage,REJECT_NEGATIVE,,JAVASCRIPT_CONTAMINATED,NO_GEO,JSON_LD_ARTICLE_BODY,JSON_LD_USED,2852,unclassified,PASS,,RELEVANCE,NO,200,,60
task17-018,https://realty.economictimes.indiatimes.com/rss/topstories,ET_REALTY,"Maharashtra housing redevelopment gets stricter: Three bids, registered rehab agreements and two-year deadline",REJECT_INSUFFICIENT,,JAVASCRIPT_CONTAMINATED,DUPLICATE,JSON_LD_ARTICLE_BODY,JSON_LD_USED,4280,unclassified,PASS,mumbai,RELEVANCE,NO,200,,28
task17-019,https://themetrorailguy.com/,themetrorailguy.com,Bengaluru Business Corridor: Route Map & Status Update [2024],REJECT_INSUFFICIENT,Bengaluru,NAVIGATION_CONTAMINATED,NO_DATE,NONE,ARTICLE_SELECTOR_MISSING,0,unreadable,PASS,bhopal|ahmedabad|bangalore|chennai|agra,EXTRACTION,NO,200,,1934
task17-020,https://themetrorailguy.com/,themetrorailguy.com,"Gaimukh - Fountain Hotel Tunnel: Map, Status Update & Design [2025]",REJECT_INSUFFICIENT,Thane,NAVIGATION_CONTAMINATED,NO_DATE,NONE,ARTICLE_SELECTOR_MISSING,0,unreadable,PASS,bhopal|ahmedabad|bangalore|chennai|agra,EXTRACTION,NO,200,,2220
task17-021,https://transport.rajasthan.gov.in/jmrc,transport.rajasthan.gov.in,JMRC Policy for permission of LPG at Metro Stations,REJECT_OFF_TOPIC,Jaipur,JAVASCRIPT_CONTAMINATED,NO_DATE,SEMANTIC_HTML,MAIN_FALLBACK,621,unclassified,PASS,,RELEVANCE,NO,200,,104
task17-022,https://infra.economictimes.indiatimes.com/rss/recentstories,ET_INFRA,"Highway Infrastructure bags ₹245 crore toll contracts in UP, Tamil Nadu",REJECT_OFF_TOPIC,,JAVASCRIPT_CONTAMINATED,DUPLICATE,JSON_LD_ARTICLE_BODY,JSON_LD_USED,1990,project_development,PASS,gorakhpur,NONE,YES,200,,45
task17-023,https://infra.economictimes.indiatimes.com/rss/rural-infrastructure,ET_INFRA,Four-year-old Jal Jeevan Mission water project in Hosanagara set for revival after minister’s intervention,REJECT_NEGATIVE,,JAVASCRIPT_CONTAMINATED,STALE,JSON_LD_ARTICLE_BODY,JSON_LD_USED,2127,unclassified,PASS,,RELEVANCE,NO,200,,59
task17-024,https://realty.economictimes.indiatimes.com/rss/lighting/smart-lighting,ET_REALTY,"Ranchi civic body to install 5,300 LED street lights across city",REJECT_OFF_TOPIC,Ranchi,JAVASCRIPT_CONTAMINATED,DUPLICATE,JSON_LD_ARTICLE_BODY,JSON_LD_USED,2124,unclassified,PASS,ranchi,RELEVANCE,NO,200,,49
task17-025,https://realty.economictimes.indiatimes.com/rss/lighting/smart-lighting,ET_REALTY,"Repair, maintain all street lights in Patna civic body's area: Bihar CM",REJECT_OFF_TOPIC,Patna,JAVASCRIPT_CONTAMINATED,DUPLICATE,JSON_LD_ARTICLE_BODY,JSON_LD_USED,2019,project_development,PASS,patna,NONE,YES,200,,323
task17-026,https://realty.economictimes.indiatimes.com/rss/smart-city,ET_REALTY,SPVs set up under smart cities mission in Tamil Nadu reduced to funding conduits: CAG report,REJECT_NEGATIVE,,JAVASCRIPT_CONTAMINATED,STALE,JSON_LD_ARTICLE_BODY,JSON_LD_USED,2600,unclassified,PASS,madurai|salem|tirunelveli,RELEVANCE,NO,200,,21
task17-027,https://realty.economictimes.indiatimes.com/rss/smart-city,ET_REALTY,"Zahirabad Industrial Smart City to attract ₹15,000 crore investment, project completion by 2028: Telangana IT minister",REJECT_INSUFFICIENT,,JAVASCRIPT_CONTAMINATED,STALE,JSON_LD_ARTICLE_BODY,JSON_LD_USED,1789,unclassified,PASS,delhi|new_delhi,RELEVANCE,NO,200,,39
task17-028,https://realty.economictimes.indiatimes.com/rss/hospitality,ET_REALTY,Homestays in Hampi must secure legal tag by September 30,REJECT_NEGATIVE,,JAVASCRIPT_CONTAMINATED,NEGATIVE,JSON_LD_ARTICLE_BODY,JSON_LD_USED,2029,reject_negative,REJECT_NEGATIVE,,RELEVANCE,NO,200,,289
task17-029,https://realty.economictimes.indiatimes.com/rss/international,ET_REALTY,Spain aims to ban evictions until 2030 amid housing protests,REJECT_NEGATIVE,,JAVASCRIPT_CONTAMINATED,NEGATIVE,JSON_LD_ARTICLE_BODY,JSON_LD_USED,2562,reject_negative,REJECT_NEGATIVE,,RELEVANCE,NO,200,,48
task17-030,https://realty.economictimes.indiatimes.com/rss/topstories,ET_REALTY,ED arrests two promoters of Gurugram-based Vatika Group in homebuyers 'fraud' case,REJECT_NEGATIVE,Gurugram,JAVASCRIPT_CONTAMINATED,NEGATIVE,JSON_LD_ARTICLE_BODY,JSON_LD_USED,2141,reject_negative,REJECT_NEGATIVE,gurugram|delhi|new_delhi,RELEVANCE,NO,200,,35
task17-031,https://realty.economictimes.indiatimes.com/rss/regulatory,ET_REALTY,Enforcement directorate search at TDI’s Mohali office ends after 53 hours,REJECT_NEGATIVE,Mohali,JAVASCRIPT_CONTAMINATED,NEGATIVE,JSON_LD_ARTICLE_BODY,JSON_LD_USED,1595,reject_negative,REJECT_NEGATIVE,mohali,RELEVANCE,NO,200,,43
task17-032,https://realty.economictimes.indiatimes.com/rss/regulatory,ET_REALTY,Gurugram admin acts against 71 builders for failing to refund amounts ordered by Haryana RERA,REJECT_NEGATIVE,Gurugram,JAVASCRIPT_CONTAMINATED,NEGATIVE,JSON_LD_ARTICLE_BODY,JSON_LD_USED,2483,reject_negative,REJECT_NEGATIVE,gurugram,RELEVANCE,NO,200,,36
task17-033,https://realty.economictimes.indiatimes.com/rss/residential,ET_REALTY,Aadhaar mandatory for property transactions in Maharashtra from October 1,REJECT_INSUFFICIENT,,JAVASCRIPT_CONTAMINATED,DUPLICATE,JSON_LD_ARTICLE_BODY,JSON_LD_USED,2462,reject_negative,REJECT_NEGATIVE,,RELEVANCE,NO,200,,93
task17-034,https://dda.gov.in/whats-new,dda.gov.in,Home page | Delhi Development Authority (DDA),REJECT_INSUFFICIENT,Delhi,CLEAN_ARTICLE,NO_DATE,NONE,ARTICLE_SELECTOR_MISSING,0,unreadable,PASS,delhi|new_delhi,EXTRACTION,NO,200,,637
task17-035,https://faridabad.nic.in/department/faridabad-metropolitan-development-authority-fmda,faridabad.nic.in,District Faridabad,REJECT_INSUFFICIENT,Faridabad,CLEAN_ARTICLE,NO_DATE,SEMANTIC_HTML,MAIN_FALLBACK,1873,reject_negative,REJECT_NEGATIVE,faridabad,RELEVANCE,NO,200,,212
task17-036,https://faridabad.nic.in/department/faridabad-metropolitan-development-authority-fmda,faridabad.nic.in,District Social Welfare Office,REJECT_OFF_TOPIC,Faridabad,CLEAN_ARTICLE,NO_DATE,SEMANTIC_HTML,MAIN_FALLBACK,2023,unclassified,PASS,,RELEVANCE,NO,200,,284
task17-037,https://gnida.up.gov.in/en/announcements,gnida.up.gov.in,Error Page,REJECT_INSUFFICIENT,Greater Noida,CLEAN_ARTICLE,NO_DATE,NONE,ARTICLE_SELECTOR_MISSING,0,unreadable,PASS,,EXTRACTION,NO,200,,511
task17-038,https://gnida.up.gov.in/en/announcements,gnida.up.gov.in,Error Page,REJECT_INSUFFICIENT,Greater Noida,CLEAN_ARTICLE,NO_DATE,NONE,ARTICLE_SELECTOR_MISSING,0,unreadable,PASS,,EXTRACTION,NO,200,,426
task17-039,https://realty.economictimes.indiatimes.com/news/residential,ET_REALTY,News,REJECT_INSUFFICIENT,,JAVASCRIPT_CONTAMINATED,NO_DATE,SEMANTIC_HTML,MAIN_FALLBACK|SHELL_DENSITY_HIGH|QUALITY_GATE_FAILED,10873,unreadable,PASS,gurugram|delhi|new_delhi|ahmedabad|mohali|hyderabad|mumbai|noida|ghaziabad|lucknow|kanpur|varanasi,EXTRACTION,NO,200,,56
task17-040,https://www.bda.gov.in/notice,www.bda.gov.in,BDA :: Bhubaneswar Development Authority,REJECT_INSUFFICIENT,Bhubaneswar,JAVASCRIPT_CONTAMINATED,NO_DATE,NONE,ARTICLE_SELECTOR_MISSING,0,unreadable,PASS,bhubaneswar,EXTRACTION,NO,200,,529
task17-041,https://www.cial.aero/News-Updates/URL,www.cial.aero,News Updates,REJECT_OFF_TOPIC,Kochi,CLEAN_ARTICLE,NO_DATE,NONE,ARTICLE_SELECTOR_MISSING,0,unreadable,PASS,,EXTRACTION,NO,200,,1078
task17-042,https://www.cial.aero/News-Updates/URL,www.cial.aero,News Updates,REJECT_OFF_TOPIC,Kochi,CLEAN_ARTICLE,NO_DATE,NONE,ARTICLE_SELECTOR_MISSING,0,unreadable,PASS,,EXTRACTION,NO,200,,1055
task17-043,https://cci.gov.in/combination/green-channel-view,cci.gov.in,"Competition Commission of India, Government of India",REJECT_INSUFFICIENT,,CLEAN_ARTICLE,NO_DATE,SEMANTIC_HTML,TITLE_OVERLAP_MISSING|QUALITY_GATE_FAILED,828,unreadable,PASS,,EXTRACTION,NO,200,,351
task17-044,https://cci.gov.in/combination/green-channel-view,cci.gov.in,"Competition Commission of India, Government of India",REJECT_INSUFFICIENT,,CLEAN_ARTICLE,NO_DATE,SEMANTIC_HTML,TITLE_OVERLAP_MISSING|QUALITY_GATE_FAILED,511,unreadable,PASS,,EXTRACTION,NO,200,,368
task17-045,https://www.hprera.in,hprera.in,HP RERA News,REJECT_INSUFFICIENT,,CLEAN_ARTICLE,NO_DATE,SEMANTIC_HTML,BODY_PRESENT_BUT_LOW_SIGNAL|TITLE_OVERLAP_MISSING|QUALITY_GATE_FAILED,134,unreadable,PASS,,EXTRACTION,NO,200,,1286
task17-046,https://infra.economictimes.indiatimes.com/rss/construction,ET_INFRA,"SAIL flies in Mongolian coking coal as it seeks new supplies, sources say",REJECT_OFF_TOPIC,,JAVASCRIPT_CONTAMINATED,QUALITY,JSON_LD_ARTICLE_BODY,JSON_LD_USED,2853,unclassified,PASS,delhi|new_delhi,RELEVANCE,NO,200,,66
task17-047,https://infra.economictimes.indiatimes.com/rss/corporate,ET_INFRA,Tata Trusts seeks hearing on Venu Srinivasan&#039;s complaint before charity commissioner,REJECT_OFF_TOPIC,,JAVASCRIPT_CONTAMINATED,QUALITY,JSON_LD_ARTICLE_BODY,JSON_LD_USED,2090,reject_negative,REJECT_NEGATIVE,mumbai,RELEVANCE,NO,200,,418
task17-048,https://infra.economictimes.indiatimes.com/rss/energy,ET_INFRA,"Dilip Buildcon divests stake in ₹6,263 crore solar portfolio to Alpha Alternatives",REJECT_OFF_TOPIC,,JAVASCRIPT_CONTAMINATED,QUALITY,JSON_LD_ARTICLE_BODY,JSON_LD_USED,2797,unclassified,PASS,,RELEVANCE,NO,200,,33
task17-049,https://sipcotweb.tn.gov.in,sipcotweb.tn.gov.in,SIPCOT,REJECT_INSUFFICIENT,,ERROR_PAGE,NO_DATE,SEMANTIC_HTML,MAIN_FALLBACK,950,unclassified,PASS,,RELEVANCE,NO,200,,464
task17-050,https://sipcotweb.tn.gov.in,sipcotweb.tn.gov.in,SIPCOT,REJECT_INSUFFICIENT,,ERROR_PAGE,NO_DATE,SEMANTIC_HTML,MAIN_FALLBACK|TITLE_OVERLAP_MISSING|QUALITY_GATE_FAILED,676,unreadable,PASS,,EXTRACTION,NO,200,,398
task17-051,https://timesofindia.indiatimes.com/rssfeeds/-2128833038.cms,timesofindia.indiatimes.com,Why Bengaluru residents are pushing back against Airbnb-style stays in residential neighbourhoods,REJECT_NEGATIVE,Bengaluru,CLEAN_ARTICLE,QUALITY,JSON_LD_ARTICLE_BODY,JSON_LD_USED,4117,project_development,PASS,bangalore,NONE,YES,200,,90
task17-052,https://timesofindia.indiatimes.com/rssfeeds/-2128839596.cms,timesofindia.indiatimes.com,"Weather tomorrow: Heavy rain likely in TN, Kerala, Karnataka; gusty winds to hit Andhra, Odisha",REJECT_OFF_TOPIC,,CLEAN_ARTICLE,QUALITY,JSON_LD_ARTICLE_BODY,JSON_LD_USED,5820,reject_negative,REJECT_NEGATIVE,delhi_ncr|delhi|new_delhi|goa|kutch|gujarat|pondicherry,RELEVANCE,NO,200,,29
task17-053,https://timesofindia.indiatimes.com/rssfeeds/-2128830821.cms,timesofindia.indiatimes.com,"SIR tribunal judges refuse to log into new portal with Aadhaar, flag tweak in docu norm",REJECT_OFF_TOPIC,Kolkata,CLEAN_ARTICLE,QUALITY,JSON_LD_ARTICLE_BODY,JSON_LD_USED,4408,reject_negative,REJECT_NEGATIVE,kolkata,RELEVANCE,NO,200,,65
task17-054,https://timesofindia.indiatimes.com/rssfeeds/-2128936835.cms,timesofindia.indiatimes.com,‘Voices against electoral 'capture' getting louder': Congress targets EC over SIR,REJECT_OFF_TOPIC,,CLEAN_ARTICLE,QUALITY,JSON_LD_ARTICLE_BODY,JSON_LD_USED,2044,reject_negative,REJECT_NEGATIVE,delhi|new_delhi,RELEVANCE,NO,200,,48
task17-055,https://www.cci.gov.in/combination/orders-section31,www.cci.gov.in,"Competition Commission of India, Government of India",REJECT_INSUFFICIENT,,CLEAN_ARTICLE,NO_DATE,SEMANTIC_HTML,TITLE_OVERLAP_MISSING|QUALITY_GATE_FAILED,496,unreadable,PASS,,EXTRACTION,NO,200,,380
task17-056,https://www.cci.gov.in/combination/press-release,www.cci.gov.in,"Competition Commission of India, Government of India",REJECT_INSUFFICIENT,,CLEAN_ARTICLE,NO_DATE,SEMANTIC_HTML,TITLE_OVERLAP_MISSING|QUALITY_GATE_FAILED,828,unreadable,PASS,,EXTRACTION,NO,200,,344
task17-057,https://www.cci.gov.in/combination/orders-section31,www.cci.gov.in,"Competition Commission of India, Government of India",REJECT_INSUFFICIENT,,CLEAN_ARTICLE,NO_DATE,SEMANTIC_HTML,TITLE_OVERLAP_MISSING|QUALITY_GATE_FAILED,511,unreadable,PASS,,EXTRACTION,NO,200,,333
task17-058,https://www.hindustantimes.com/feeds/rss/cities/lucknow-news/rssfeed.xml,HINDUSTAN_TIMES,Stray dog menace on PGI campus despite apex court directions,REJECT_OFF_TOPIC,Lucknow,JAVASCRIPT_CONTAMINATED,QUALITY,JSON_LD_ARTICLE_BODY,JSON_LD_USED,3786,reject_negative,REJECT_NEGATIVE,lucknow,RELEVANCE,NO,200,,137
task17-059,https://www.hindustantimes.com/feeds/rss/cities/noida-news/rssfeed.xml,HINDUSTAN_TIMES,Yeida plans  ₹4.5cr landmark entry gate near Yamuna Expressway,PUBLISH,Greater Noida,JAVASCRIPT_CONTAMINATED,QUALITY,JSON_LD_ARTICLE_BODY,JSON_LD_USED,2258,project_development,PASS,anand|noida,NONE,YES,200,,102
task17-060,https://www.hindustantimes.com/feeds/rss/cities/patna-news/rssfeed.xml,HINDUSTAN_TIMES,Bihar: Gandak river embankments breach at two places amid heavy water discharge from barrages,REJECT_NEGATIVE,Patna,JAVASCRIPT_CONTAMINATED,QUALITY,JSON_LD_ARTICLE_BODY,JSON_LD_USED,2944,reject_relevance,PASS,patna,RELEVANCE,NO,200,,61
task17-061,https://infra.economictimes.indiatimes.com/rss/topstories,ET_INFRA,"PM Modi, Israeli PM Netanyahu hail Flydubai pilot Smit Machchhar after Saudi emergency landing",REJECT_OFF_TOPIC,,JAVASCRIPT_CONTAMINATED,DUPLICATE,JSON_LD_ARTICLE_BODY,JSON_LD_USED,2360,reject_negative,REJECT_NEGATIVE,,RELEVANCE,NO,200,,21
task17-062,https://infra.economictimes.indiatimes.com/rss/urban-transportation,ET_INFRA,Delhi invokes ESMA for six months amid DTC contractual drivers’ strike,REJECT_NEGATIVE,Delhi,JAVASCRIPT_CONTAMINATED,NEGATIVE,JSON_LD_ARTICLE_BODY,JSON_LD_USED,1460,reject_negative,REJECT_NEGATIVE,delhi|new_delhi,RELEVANCE,NO,200,,29
task17-063,https://timesofindia.indiatimes.com/rssfeedstopstories.cms,timesofindia.indiatimes.com,Indian oil refiners change strategy to get cheaper oil; hire ships & tankers to sail through Strait of Hormuz,REJECT_OFF_TOPIC,,CLEAN_ARTICLE,DUPLICATE,JSON_LD_ARTICLE_BODY,JSON_LD_USED,3805,unclassified,PASS,delhi|new_delhi,RELEVANCE,NO,200,,49
task17-064,https://timesofindia.indiatimes.com/rssfeeds/2950623.cms,timesofindia.indiatimes.com,Arappor alleges irregularities in affiliation granted to 74 private colleges of education,REJECT_OFF_TOPIC,Chennai,CLEAN_ARTICLE,NEGATIVE,JSON_LD_ARTICLE_BODY,JSON_LD_USED,2109,project_development,PASS,chennai,NONE,YES,200,,42
task17-065,https://www.hindustantimes.com/feeds/rss/cities/gurugram-news/rssfeed.xml,HINDUSTAN_TIMES,Kingdom of Dreams: Men seen removing steel from HSVP-sealed complex,REJECT_NEGATIVE,Gurugram,JAVASCRIPT_CONTAMINATED,NEGATIVE,SEMANTIC_HTML,MAIN_FALLBACK,4980,reject_negative,REJECT_NEGATIVE,gurugram|kurukshetra|delhi|new_delhi|bangalore|hyderabad|mumbai,RELEVANCE,NO,200,,131
task17-066,https://www.hindustantimes.com/feeds/rss/cities/lucknow-news/rssfeed.xml,HINDUSTAN_TIMES,Rajya Sabha polls in UP: How predictable numbers game acquired spicy political flavour,REJECT_OFF_TOPIC,Lucknow,JAVASCRIPT_CONTAMINATED,NEGATIVE,JSON_LD_ARTICLE_BODY,JSON_LD_USED,3654,unclassified,PASS,delhi|new_delhi|gujarat,RELEVANCE,NO,200,,77
task17-067,https://www.hindustantimes.com/feeds/rss/cities/others/rssfeed.xml,HINDUSTAN_TIMES,Nitin Nabin likely to attend closing event of ‘Seva Sankalp’ rally on October 7,REJECT_OFF_TOPIC,,JAVASCRIPT_CONTAMINATED,NEGATIVE,JSON_LD_ARTICLE_BODY,JSON_LD_USED,1594,unclassified,PASS,varanasi,RELEVANCE,NO,200,,39
task17-068,https://www.hindustantimes.com/feeds/rss/real-estate/rssfeed.xml,HINDUSTAN_TIMES,"Anarock Property Consultants Limited files DRHP for ₹1,000 crore IPO; AI, tech investments among key plans",REJECT_OFF_TOPIC,,JAVASCRIPT_CONTAMINATED,NEGATIVE,JSON_LD_ARTICLE_BODY,JSON_LD_USED,3804,project_development,PASS,delhi_ncr|mumbai,NONE,YES,200,,103
task17-069,https://rera.punjab.gov.in/latest-news.html,rera.punjab.gov.in,Real Estate Regulatory Authority,REJECT_NEGATIVE,,ERROR_PAGE,DUPLICATE,NONE,ARTICLE_SELECTOR_MISSING,0,unreadable,PASS,,EXTRACTION,NO,200,,446
