RECORD_ID,SOURCE,TITLE,URL,HUMAN_LABEL,HUMAN_CITY,HUMAN_REASON,CURRENT_FINAL_STATE,CURRENT_RELEVANCE_RESULT,CURRENT_NEGATIVE_RESULT,CURRENT_GEO_RESULT,CURRENT_CITY,PIPELINE_OUTCOME,EXTRACTION_QUALITY,NEGATIVE_CATEGORY,OFF_TOPIC_CATEGORY,INSUFFICIENT_CATEGORY,FIRST_LOSS_STAGE,FIRST_LOSS_REASON
task17-001,https://realty.economictimes.indiatimes.com/rss/technology,DDA launches digital map for areas planned under Master Plan for Delhi 2047,https://realty.economictimes.indiatimes.com/news/technology/dda-launches-digital-map-for-areas-planned-under-master-plan-for-delhi-2047/134577474,PUBLISH,Delhi,Delhi land-use/planning update with direct property relevance.,NO_GEO,PASS,PASS,NO_GEO,,FALSE_NEGATIVE,JAVASCRIPT_CONTAMINATED,,,,GEO,No article-level city evidence reached routing.
task17-002,https://realty.economictimes.indiatimes.com/rss/cement,Cement capacity set to outpace demand through FY29,https://realty.economictimes.indiatimes.com/news/cement/cement-capacity-set-to-outpace-demand-through-fy29/134577916,REJECT_OFF_TOPIC,,National cement supply-demand industry story; no city/project/property development.,NO_GEO,PASS,PASS,NO_GEO,,TRUE_NEGATIVE,JAVASCRIPT_CONTAMINATED,,other,,,
task17-003,https://realty.economictimes.indiatimes.com/rss/cement,JSW Cement approves merger of Shiva Cement; sets 5:41 share-swap ratio,https://realty.economictimes.indiatimes.com/news/cement/jsw-cement-approves-merger-of-shiva-cement-sets-541-share-swap-ratio/134577402,REJECT_OFF_TOPIC,,"Corporate cement merger/share-swap; general business, no city real-estate development.",NO_GEO,PASS,PASS,NO_GEO,,TRUE_NEGATIVE,JAVASCRIPT_CONTAMINATED,,finance-only,,,
task17-004,https://realty.economictimes.indiatimes.com/rss/hospitality,"CPP Investments to invest ₹3,000 crore in Prestige Hospitality Ventures for 27% stake",https://realty.economictimes.indiatimes.com/news/hospitality/cpp-investments-to-invest-3000-crore-in-prestige-hospitality-ventures-for-27-stake/134577190,REJECT_INSUFFICIENT,,"Genuine Prestige hospitality real-estate investment and expansion, but the ₹3,000 crore platform transaction spans multiple cities without a defensible city-specific allocation/project event for Brokket routing.",NO_GEO,PASS,PASS,NO_GEO,,TRUE_NEGATIVE,JAVASCRIPT_CONTAMINATED,,,A_GENUINE_RE_BUT_NOT_SAFE_CITY,,
task17-005,https://realty.economictimes.indiatimes.com/rss/industry,Complete redevelopment in two years from plinth stage: Maharashtra government,https://realty.economictimes.indiatimes.com/news/industry/complete-redevpt-in-two-years-from-plinth-stage-maharashtra-government/134607192,REJECT_INSUFFICIENT,,Statewide Maharashtra redevelopment framework; relevant policy but no specific supported city routing in this record.,NO_GEO,PASS,PASS,NO_GEO,,TRUE_NEGATIVE,JAVASCRIPT_CONTAMINATED,,,B_STATEWIDE_NATIONAL,,
task17-006,https://realty.economictimes.indiatimes.com/rss/recentstories,Indian design must absorb global influences without losing cultural identity: Sunita Kohli,https://realty.economictimes.indiatimes.com/news/industry/indian-design-must-absorb-global-influences-without-losing-cultural-identity-sunita-kohli/134610503,REJECT_OFF_TOPIC,,"Design/cultural commentary; no concrete project, approval, investment or city development.",NO_GEO,PASS,PASS,NO_GEO,,TRUE_NEGATIVE,JAVASCRIPT_CONTAMINATED,,finance-only,,,
task17-007,https://realty.economictimes.indiatimes.com/rss/international,"UK first-time buyer scheme lifts housebuilders, but success hinges on design",https://realty.economictimes.indiatimes.com/news/international/uk-first-time-buyer-scheme-lifts-housebuilders-but-success-hinges-on-design/134555158,REJECT_OFF_TOPIC,,International UK housing story; outside India/Brokket city scope.,NO_GEO,PASS,PASS,NO_GEO,,TRUE_NEGATIVE,JAVASCRIPT_CONTAMINATED,,design/commentary,,,
task17-008,https://realty.economictimes.indiatimes.com/rss/recentstories,Ahmedabad: Seven illegally constructed residential units in Fatehwadi razed,https://realty.economictimes.indiatimes.com/news/residential/ahmedabad-seven-illegally-constructed-residential-units-in-fatehwadi-razed/134610187,REJECT_NEGATIVE,Ahmedabad,Demolition/razing of illegal residential units.,NO_GEO,PASS,PASS,NO_GEO,,TRUE_NEGATIVE,JAVASCRIPT_CONTAMINATED,COURT,,,,
task17-009,https://realty.economictimes.indiatimes.com/rss/residential,Branded residences must deliver long-term value beyond the brand name: Industry leaders,https://realty.economictimes.indiatimes.com/news/residential/branded-residences-must-deliver-long-term-value-beyond-the-brand-name-industry-leaders/134606212,REJECT_OFF_TOPIC,,Industry thought-leadership on branded residences; no specific city/project development.,NO_GEO,PASS,PASS,NO_GEO,,TRUE_NEGATIVE,JAVASCRIPT_CONTAMINATED,,other,,,
task17-010,https://realty.economictimes.indiatimes.com/rss/technology,Telecom Regulatory Authority of India launches digital connectivity rating platform for properties,https://realty.economictimes.indiatimes.com/news/technology/telecom-regulatory-authority-of-india-launches-digital-connectivity-rating-platform-for-properties/134497308,REJECT_INSUFFICIENT,,National property-connectivity rating platform is property relevant but has no city-specific development to route safely.,NO_GEO,PASS,PASS,NO_GEO,,TRUE_NEGATIVE,JAVASCRIPT_CONTAMINATED,,,B_STATEWIDE_NATIONAL,,
task17-011,https://infra.economictimes.indiatimes.com/rss/construction,BEML unveils indigenously developed 60-ton electric dump truck,https://infra.economictimes.indiatimes.com/news/construction/beml-unveils-indigenously-developed-60-ton-electric-dump-truck/134609473,REJECT_OFF_TOPIC,,Construction equipment/product launch; not real-estate development news.,NO_GEO,PASS,PASS,NO_GEO,,TRUE_NEGATIVE,JAVASCRIPT_CONTAMINATED,,other,,,
task17-012,https://infra.economictimes.indiatimes.com/rss/corporate,Tata Trusts vice chairman Vijay Singh flags SDTT 'meddling' in Tata Sons,https://infra.economictimes.indiatimes.com/news/corporate/tata-trusts-vice-chairman-vijay-singh-flags-sdtt-meddling-in-tata-sons/134606847,REJECT_OFF_TOPIC,,Corporate governance dispute; unrelated to real-estate development.,NO_GEO,PASS,PASS,NO_GEO,,TRUE_NEGATIVE,JAVASCRIPT_CONTAMINATED,,other,,,
task17-013,https://infra.economictimes.indiatimes.com/rss/railways,Darjeeling 'Toy Train' chugs into top 50 global destinations in 2027,https://infra.economictimes.indiatimes.com/news/railways/darjeeling-toy-train-chugs-into-top-50-global-destinations-in-2027/134606768,REJECT_OFF_TOPIC,,Tourism/rail destination story; no real-estate development signal.,NO_GEO,PASS,PASS,NO_GEO,,TRUE_NEGATIVE,JAVASCRIPT_CONTAMINATED,,transport-service-only,,,
task17-014,https://infra.economictimes.indiatimes.com/rss/roads-highways,NHAI to conduct special quality checks on 17 highway projects with low bids,https://infra.economictimes.indiatimes.com/news/roads-highways/nhai-to-conduct-special-quality-checks-on-17-highway-projects-with-low-bids/134596069,REJECT_INSUFFICIENT,,National multi-state highway quality inspection story lacks specific city/property-development routing.,NO_GEO,PASS,PASS,NO_GEO,,TRUE_NEGATIVE,JAVASCRIPT_CONTAMINATED,,,B_STATEWIDE_NATIONAL,,
task17-015,https://infra.economictimes.indiatimes.com/rss/urban-infrastructure,"UP’s Project GANGA gets 3,000 DSP applications since its launch in June",https://infra.economictimes.indiatimes.com/news/urban-infrastructure/ups-project-ganga-gets-3000-dsp-applications-since-its-launch-in-june/134594364,REJECT_OFF_TOPIC,,Broadband/digital connectivity program; no direct real-estate development signal.,NO_GEO,PASS,PASS,NO_GEO,,TRUE_NEGATIVE,JAVASCRIPT_CONTAMINATED,,other,,,
task17-016,https://infra.economictimes.indiatimes.com/rss/urban-transportation,L&T extends Hyderabad Metro stake sale timeline to December 31,https://infra.economictimes.indiatimes.com/news/urban-transportation/lt-extends-hyderabad-metro-stake-sale-timeline-to-december-31/134595937,REJECT_NEGATIVE,Hyderabad,Metro stake sale repeatedly delayed amid financial/regulatory challenges.,NO_GEO,PASS,PASS,NO_GEO,,TRUE_NEGATIVE,JAVASCRIPT_CONTAMINATED,DELAY,,,,
task17-017,https://infra.economictimes.indiatimes.com/rss/water,Kaleshwaram rehabilitation may include end-to-end diaphragm wall at Medigadda barrage,https://infra.economictimes.indiatimes.com/news/water/kaleshwaram-rehabilitation-may-include-end-to-end-diaphragm-wall-at-medigadda-barrage/134543660,REJECT_NEGATIVE,,Rehabilitation/repair of troubled barrage infrastructure; adverse/remedial context and no direct real-estate catalyst.,NO_GEO,PASS,PASS,NO_GEO,,TRUE_NEGATIVE,JAVASCRIPT_CONTAMINATED,OTHER,,,,
task17-018,https://realty.economictimes.indiatimes.com/rss/topstories,"Maharashtra housing redevelopment gets stricter: Three bids, registered rehab agreements and two-year deadline",https://realty.economictimes.indiatimes.com/news/industry/maharashtra-housing-redevelopment-gets-stricter-three-bids-registered-rehab-agreements-and-two-year-deadline/134607153,REJECT_INSUFFICIENT,,Statewide Maharashtra redevelopment regulation is real-estate relevant but not safely city-routable from this record.,DUPLICATE,PASS,PASS,NO_GEO,,TRUE_NEGATIVE,JAVASCRIPT_CONTAMINATED,,,B_STATEWIDE_NATIONAL,,
task17-019,https://themetrorailguy.com/,Bengaluru Business Corridor: Route Map & Status Update [2024],https://themetrorailguy.com/bda-bangalore-peripheral-ring-road-route-map-status-update-tenders/,REJECT_INSUFFICIENT,Bengaluru,"Useful Bengaluru infrastructure reference but page is an old status page (last updated 2024), not current news.",NO_DATE,PASS,PASS,CITY_FOUND,bangalore,TRUE_NEGATIVE,NAVIGATION_CONTAMINATED,,,F_STALE_NONCURRENT,,
task17-020,https://themetrorailguy.com/,"Gaimukh - Fountain Hotel Tunnel: Map, Status Update & Design [2025]",https://themetrorailguy.com/gaimukh-fountain-hotel-tunnel-status-update-news-design/,REJECT_INSUFFICIENT,Thane,"Useful infrastructure reference but page is a 2025 status page, outside current news window.",NO_DATE,PASS,PASS,AMBIGUOUS,gurugram|bhopal|ahmedabad|bangalore|chennai|hyderabad|agra,TRUE_NEGATIVE,NAVIGATION_CONTAMINATED,,,C_OUTSIDE_SUPPORTED_GEOGRAPHY,,
task17-021,https://transport.rajasthan.gov.in/jmrc,JMRC Policy for permission of LPG at Metro Stations,https://transport.rajasthan.gov.in/content/transportportal/en/metro/business-with-us/jmrc-policy-for-permission-of-lpg-at-metro-stations.html,REJECT_OFF_TOPIC,Jaipur,"Metro-station LPG permission policy; transport operations/business policy, not real-estate development.",NO_DATE,PASS,PASS,CITY_FOUND,jaipur,TRUE_NEGATIVE,JAVASCRIPT_CONTAMINATED,,transport-service-only,,,
task17-022,https://infra.economictimes.indiatimes.com/rss/recentstories,"Highway Infrastructure bags ₹245 crore toll contracts in UP, Tamil Nadu",https://infra.economictimes.indiatimes.com/news/roads-highways/highway-infrastructure-bags-245-crore-toll-contracts-in-up-tamil-nadu/134610445,REJECT_OFF_TOPIC,,Toll contract award across UP/Tamil Nadu; transport-service/business contract without specific real-estate/city catalyst.,DUPLICATE,PASS,PASS,NO_GEO,,TRUE_NEGATIVE,JAVASCRIPT_CONTAMINATED,,transport-service-only,,,
task17-023,https://infra.economictimes.indiatimes.com/rss/rural-infrastructure,Four-year-old Jal Jeevan Mission water project in Hosanagara set for revival after minister’s intervention,https://infra.economictimes.indiatimes.com/news/rural-infrastructure/four-year-old-jal-jeevan-mission-water-project-in-hosanagara-set-for-revival-after-ministers-intervention/134241862,REJECT_NEGATIVE,,Revival of a four-year-old stalled water project; utility/remedial story.,STALE,PASS,PASS,NO_GEO,,TRUE_NEGATIVE,JAVASCRIPT_CONTAMINATED,DELAY,,,,
task17-024,https://realty.economictimes.indiatimes.com/rss/lighting/smart-lighting,"Ranchi civic body to install 5,300 LED street lights across city",https://realty.economictimes.indiatimes.com/news/lighting/outdoor-lighting/ranchi-civic-body-to-install-5300-led-street-lights-across-city/134355182,REJECT_OFF_TOPIC,Ranchi,Street-light installation is civic utility work without clear property/development signal.,DUPLICATE,PASS,PASS,NO_GEO,,TRUE_NEGATIVE,JAVASCRIPT_CONTAMINATED,,other,,,
task17-025,https://realty.economictimes.indiatimes.com/rss/lighting/smart-lighting,"Repair, maintain all street lights in Patna civic body's area: Bihar CM",https://realty.economictimes.indiatimes.com/news/lighting/outdoor-lighting/repair-maintain-all-street-lights-in-patna-civic-bodys-area-bihar-cm/133641850,REJECT_OFF_TOPIC,Patna,Street-light repair/maintenance is civic utility work.,DUPLICATE,PASS,PASS,NO_GEO,,TRUE_NEGATIVE,JAVASCRIPT_CONTAMINATED,,other,,,
task17-026,https://realty.economictimes.indiatimes.com/rss/smart-city,SPVs set up under smart cities mission in Tamil Nadu reduced to funding conduits: CAG report,https://realty.economictimes.indiatimes.com/news/smart-city/spvs-set-up-under-smart-cities-mission-in-tamil-nadu-reduced-to-funding-conduits-cag-report/133951375,REJECT_NEGATIVE,,CAG criticism of Smart Cities SPVs; adverse governance/audit story.,STALE,PASS,PASS,NO_GEO,,TRUE_NEGATIVE,JAVASCRIPT_CONTAMINATED,OTHER,,,,
task17-027,https://realty.economictimes.indiatimes.com/rss/smart-city,"Zahirabad Industrial Smart City to attract ₹15,000 crore investment, project completion by 2028: Telangana IT minister",https://realty.economictimes.indiatimes.com/news/smart-city/zahirabad-industrial-smart-city-to-attract-15000-crore-investment-project-completion-by-2028-telangana-it-minister/133312099,REJECT_INSUFFICIENT,,"Major industrial smart-city investment is potentially valuable, but Zahirabad cannot be safely forced into another supported city without explicit routing support.",STALE,PASS,PASS,NO_GEO,,TRUE_NEGATIVE,JAVASCRIPT_CONTAMINATED,,,B_STATEWIDE_NATIONAL,,
task17-028,https://realty.economictimes.indiatimes.com/rss/hospitality,Homestays in Hampi must secure legal tag by September 30,https://realty.economictimes.indiatimes.com/news/hospitality/homestays-in-hampi-must-secure-legal-tag-by-september-30/134523712,REJECT_NEGATIVE,,Compliance/legalisation deadline for unauthorised homestays; adverse/regulatory enforcement context.,NEGATIVE,FAIL,REJECT_NEGATIVE,NO_GEO,,TRUE_NEGATIVE,JAVASCRIPT_CONTAMINATED,COURT,,,,
task17-029,https://realty.economictimes.indiatimes.com/rss/international,Spain aims to ban evictions until 2030 amid housing protests,https://realty.economictimes.indiatimes.com/news/international/spain-aims-to-ban-evictions-until-2030-amid-housing-protests/134568564,REJECT_NEGATIVE,,International eviction/housing protest story; outside India and adverse.,NEGATIVE,FAIL,REJECT_NEGATIVE,NO_GEO,,TRUE_NEGATIVE,JAVASCRIPT_CONTAMINATED,PROTEST,,,,
task17-030,https://realty.economictimes.indiatimes.com/rss/topstories,ED arrests two promoters of Gurugram-based Vatika Group in homebuyers 'fraud' case,https://realty.economictimes.indiatimes.com/news/regulatory/ed-arrests-two-promoters-of-gurugram-based-vatika-group-in-homebuyers-fraud-case/134606649,REJECT_NEGATIVE,Gurugram,ED arrests/promoter fraud/homebuyer case.,NEGATIVE,FAIL,REJECT_NEGATIVE,NO_GEO,,TRUE_NEGATIVE,JAVASCRIPT_CONTAMINATED,FRAUD,,,,
task17-031,https://realty.economictimes.indiatimes.com/rss/regulatory,Enforcement directorate search at TDI’s Mohali office ends after 53 hours,https://realty.economictimes.indiatimes.com/news/regulatory/enforcement-directorate-search-at-tdis-mohali-office-ends-after-53-hours/134607087,REJECT_NEGATIVE,Mohali,Enforcement Directorate search/investigation.,NEGATIVE,FAIL,REJECT_NEGATIVE,NO_GEO,,TRUE_NEGATIVE,JAVASCRIPT_CONTAMINATED,ENFORCEMENT,,,,
task17-032,https://realty.economictimes.indiatimes.com/rss/regulatory,Gurugram admin acts against 71 builders for failing to refund amounts ordered by Haryana RERA,https://realty.economictimes.indiatimes.com/news/regulatory/gurugram-admin-acts-against-71-builders-for-failing-to-refund-amounts-ordered-by-haryana-rera/134606687,REJECT_NEGATIVE,Gurugram,Builders failing to refund Haryana RERA-ordered amounts; buyer distress/enforcement.,NEGATIVE,FAIL,REJECT_NEGATIVE,NO_GEO,,TRUE_NEGATIVE,JAVASCRIPT_CONTAMINATED,BUYER_DISTRESS,,,,
task17-033,https://realty.economictimes.indiatimes.com/rss/residential,Aadhaar mandatory for property transactions in Maharashtra from October 1,https://realty.economictimes.indiatimes.com/news/residential/aadhaar-mandatory-for-property-transactions-in-maharashtra-from-october-1/134607356,REJECT_INSUFFICIENT,,Statewide Maharashtra property-transaction rule is relevant but lacks a specific city/project route.,DUPLICATE,FAIL,REJECT_NEGATIVE,NO_GEO,,TRUE_NEGATIVE,JAVASCRIPT_CONTAMINATED,,,B_STATEWIDE_NATIONAL,,
task17-034,https://dda.gov.in/whats-new,Home page | Delhi Development Authority (DDA),https://dda.gov.in/,REJECT_INSUFFICIENT,Delhi,"DDA homepage/index, not a discrete news record.",NO_DATE,FAIL,REJECT_NEGATIVE,NO_GEO,,TRUE_NEGATIVE,INDEX_PAGE,,,D_HOMEPAGE_INDEX_ARCHIVE_SEARCH,,
task17-035,https://faridabad.nic.in/department/faridabad-metropolitan-development-authority-fmda,District Faridabad,https://faridabad.nic.in/,REJECT_INSUFFICIENT,Faridabad,"District homepage, not news.",NO_DATE,FAIL,REJECT_NEGATIVE,NO_GEO,,TRUE_NEGATIVE,CLEAN_ARTICLE,,,D_HOMEPAGE_INDEX_ARCHIVE_SEARCH,,
task17-036,https://faridabad.nic.in/department/faridabad-metropolitan-development-authority-fmda,District Social Welfare Office,https://faridabad.nic.in/district-social-welfare-office/,REJECT_OFF_TOPIC,Faridabad,"District social welfare office page, not real-estate news.",NO_DATE,FAIL,REJECT_NEGATIVE,NO_GEO,,TRUE_NEGATIVE,CLEAN_ARTICLE,,other,,,
task17-037,https://gnida.up.gov.in/en/announcements,Error Page,https://gnida.up.gov.in/en/en/feature/group-housing-public-notices-and-office-orders,REJECT_INSUFFICIENT,Greater Noida,GNIDA error page; no usable news evidence.,NO_DATE,FAIL,REJECT_NEGATIVE,NO_GEO,,TRUE_NEGATIVE,CLEAN_ARTICLE,,,E_ERROR_MAINTENANCE_PAGE,,
task17-038,https://gnida.up.gov.in/en/announcements,Error Page,https://gnida.up.gov.in/en/en/feature/hrd-public-notices-and-office-orders,REJECT_INSUFFICIENT,Greater Noida,GNIDA error page; no usable news evidence.,NO_DATE,FAIL,REJECT_NEGATIVE,NO_GEO,,TRUE_NEGATIVE,CLEAN_ARTICLE,,,E_ERROR_MAINTENANCE_PAGE,,
task17-039,https://realty.economictimes.indiatimes.com/news/residential,News,https://realty.economictimes.indiatimes.com/news/,REJECT_INSUFFICIENT,,"ET Realty news index/category page, not a discrete article.",NO_DATE,FAIL,REJECT_NEGATIVE,NO_GEO,,TRUE_NEGATIVE,JAVASCRIPT_CONTAMINATED,,,D_HOMEPAGE_INDEX_ARCHIVE_SEARCH,,
task17-040,https://www.bda.gov.in/notice,BDA :: Bhubaneswar Development Authority,https://www.bda.gov.in/archiveNotice,REJECT_INSUFFICIENT,Bhubaneswar,"BDA archive notice index, not a verified discrete current news item.",NO_DATE,FAIL,REJECT_NEGATIVE,NO_GEO,,TRUE_NEGATIVE,JAVASCRIPT_CONTAMINATED,,,D_HOMEPAGE_INDEX_ARCHIVE_SEARCH,,
task17-041,https://www.cial.aero/News-Updates/URL,News Updates,https://www.cial.aero/news-Updates/0484aerolounge,REJECT_OFF_TOPIC,Kochi,Airport news/update page; no demonstrated real-estate development story.,NO_DATE,FAIL,REJECT_NEGATIVE,NO_GEO,,TRUE_NEGATIVE,CLEAN_ARTICLE,,aviation,,,
task17-042,https://www.cial.aero/News-Updates/URL,News Updates,https://www.cial.aero/news-Updates/10millionpassengersinthirdconsecutiveyear,REJECT_OFF_TOPIC,Kochi,Airport passenger milestone/update; transport-service story without real-estate development signal.,NO_DATE,FAIL,REJECT_NEGATIVE,NO_GEO,,TRUE_NEGATIVE,CLEAN_ARTICLE,,aviation,,,
task17-043,https://cci.gov.in/combination/green-channel-view,"Competition Commission of India, Government of India",https://cci.gov.in/combination/orders-section31,REJECT_INSUFFICIENT,,"CCI orders index page, not a discrete real-estate record.",NO_DATE,FAIL,PASS,NO_GEO,,TRUE_NEGATIVE,CLEAN_ARTICLE,,,D_HOMEPAGE_INDEX_ARCHIVE_SEARCH,,
task17-044,https://cci.gov.in/combination/green-channel-view,"Competition Commission of India, Government of India",https://cci.gov.in/combination/orders-section43a_44,REJECT_INSUFFICIENT,,"CCI orders index page, not a discrete real-estate record.",NO_DATE,FAIL,PASS,NO_GEO,,TRUE_NEGATIVE,CLEAN_ARTICLE,,,D_HOMEPAGE_INDEX_ARCHIVE_SEARCH,,
task17-045,https://www.hprera.in,HP RERA News,https://hprera.in/,REJECT_INSUFFICIENT,,HP RERA homepage/news index without a discrete readable record.,NO_DATE,FAIL,PASS,NO_GEO,,TRUE_NEGATIVE,CLEAN_ARTICLE,,,D_HOMEPAGE_INDEX_ARCHIVE_SEARCH,,
task17-046,https://infra.economictimes.indiatimes.com/rss/construction,"SAIL flies in Mongolian coking coal as it seeks new supplies, sources say",https://infra.economictimes.indiatimes.com/news/construction/sail-flies-in-mongolian-coking-coal-as-it-seeks-new-supplies-sources-say/134593389,REJECT_OFF_TOPIC,,Coking-coal supply/import story; general industrial business.,QUALITY,FAIL,PASS,NO_GEO,,TRUE_NEGATIVE,JAVASCRIPT_CONTAMINATED,,transport-service-only,,,
task17-047,https://infra.economictimes.indiatimes.com/rss/corporate,Tata Trusts seeks hearing on Venu Srinivasan&#039;s complaint before charity commissioner,https://infra.economictimes.indiatimes.com/news/corporate/tata-trusts-seeks-hearing-on-venu-srinivasans-complaint-before-charity-commissioner/134606711,REJECT_OFF_TOPIC,,Tata Trusts governance/legal dispute; unrelated.,QUALITY,FAIL,PASS,NO_GEO,,TRUE_NEGATIVE,JAVASCRIPT_CONTAMINATED,,other,,,
task17-048,https://infra.economictimes.indiatimes.com/rss/energy,"Dilip Buildcon divests stake in ₹6,263 crore solar portfolio to Alpha Alternatives",https://infra.economictimes.indiatimes.com/news/energy/dilip-buildcon-divests-stake-in-6263-crore-solar-portfolio-to-alpha-alternatives/134389579,REJECT_OFF_TOPIC,,"Solar portfolio stake divestment; energy/corporate transaction, no real-estate development.",QUALITY,FAIL,PASS,NO_GEO,,TRUE_NEGATIVE,JAVASCRIPT_CONTAMINATED,,energy,,,
task17-049,https://sipcotweb.tn.gov.in,SIPCOT,https://sipcotweb.tn.gov.in/Compendium_of_Circulars_and_Office_Orders,REJECT_INSUFFICIENT,,"SIPCOT circulars/office-orders index, not a discrete verified news item.",NO_DATE,FAIL,PASS,NO_GEO,,TRUE_NEGATIVE,ERROR_PAGE,,,D_HOMEPAGE_INDEX_ARCHIVE_SEARCH,,
task17-050,https://sipcotweb.tn.gov.in,SIPCOT,https://sipcotweb.tn.gov.in/Sub_leasing,REJECT_INSUFFICIENT,,"SIPCOT sub-leasing/index page, not a discrete current news story.",NO_DATE,FAIL,PASS,NO_GEO,,TRUE_NEGATIVE,ERROR_PAGE,,,D_HOMEPAGE_INDEX_ARCHIVE_SEARCH,,
task17-051,https://timesofindia.indiatimes.com/rssfeeds/-2128833038.cms,Why Bengaluru residents are pushing back against Airbnb-style stays in residential neighbourhoods,https://timesofindia.indiatimes.com/city/bengaluru/why-bengaluru-residents-are-pushing-back-against-airbnb-style-stays-in-residential-neighbourhoods/articleshow/134608252.cms,REJECT_NEGATIVE,Bengaluru,Resident pushback against Airbnb-style stays; complaints/negative neighbourhood impact.,QUALITY,FAIL,PASS,NO_GEO,,TRUE_NEGATIVE,CLEAN_ARTICLE,DISPUTE,,,,
task17-052,https://timesofindia.indiatimes.com/rssfeeds/-2128839596.cms,"Weather tomorrow: Heavy rain likely in TN, Kerala, Karnataka; gusty winds to hit Andhra, Odisha",https://timesofindia.indiatimes.com/city/delhi/weather-tomorrow-heavy-rain-likely-in-tn-kerala-karnataka-gusty-winds-to-hit-andhra-odisha/articleshow/134609406.cms,REJECT_OFF_TOPIC,,Weather forecast; unrelated.,QUALITY,FAIL,PASS,NO_GEO,,TRUE_NEGATIVE,CLEAN_ARTICLE,,civic,,,
task17-053,https://timesofindia.indiatimes.com/rssfeeds/-2128830821.cms,"SIR tribunal judges refuse to log into new portal with Aadhaar, flag tweak in docu norm",https://timesofindia.indiatimes.com/city/kolkata/sir-tribunal-judges-refuse-to-log-into-new-portal-with-aadhaar-flag-tweak-in-docu-norm/articleshow/134602159.cms,REJECT_OFF_TOPIC,Kolkata,"Election/SIR tribunal/Aadhaar dispute; political/electoral administration, unrelated.",QUALITY,FAIL,PASS,NO_GEO,,TRUE_NEGATIVE,CLEAN_ARTICLE,,politics,,,
task17-054,https://timesofindia.indiatimes.com/rssfeeds/-2128936835.cms,‘Voices against electoral 'capture' getting louder': Congress targets EC over SIR,https://timesofindia.indiatimes.com/india/voices-against-electoral-capture-getting-louder-congress-targets-ec-over-sir/articleshow/134608784.cms,REJECT_OFF_TOPIC,,Political/election story; unrelated.,QUALITY,FAIL,PASS,NO_GEO,,TRUE_NEGATIVE,CLEAN_ARTICLE,,politics,,,
task17-055,https://www.cci.gov.in/combination/orders-section31,"Competition Commission of India, Government of India",https://www.cci.gov.in/combination/cases-approved-with-modification,REJECT_INSUFFICIENT,,"CCI cases index page, not a discrete news item.",NO_DATE,FAIL,PASS,NO_GEO,,TRUE_NEGATIVE,CLEAN_ARTICLE,,,D_HOMEPAGE_INDEX_ARCHIVE_SEARCH,,
task17-056,https://www.cci.gov.in/combination/press-release,"Competition Commission of India, Government of India",https://www.cci.gov.in/combination/orders-section31,REJECT_INSUFFICIENT,,"CCI orders index page, not a discrete news item.",NO_DATE,FAIL,PASS,NO_GEO,,TRUE_NEGATIVE,CLEAN_ARTICLE,,,D_HOMEPAGE_INDEX_ARCHIVE_SEARCH,,
task17-057,https://www.cci.gov.in/combination/orders-section31,"Competition Commission of India, Government of India",https://www.cci.gov.in/combination/orders-section43a_44,REJECT_INSUFFICIENT,,"CCI orders index page, not a discrete news item.",NO_DATE,FAIL,PASS,NO_GEO,,TRUE_NEGATIVE,CLEAN_ARTICLE,,,D_HOMEPAGE_INDEX_ARCHIVE_SEARCH,,
task17-058,https://www.hindustantimes.com/feeds/rss/cities/lucknow-news/rssfeed.xml,Stray dog menace on PGI campus despite apex court directions,https://www.hindustantimes.com/cities/lucknow-news/stray-dog-menace-on-pgi-campus-despite-apex-court-directions-101790795565746.html,REJECT_OFF_TOPIC,Lucknow,Stray-dog/civic safety story; unrelated to real estate.,QUALITY,FAIL,PASS,NO_GEO,,TRUE_NEGATIVE,JAVASCRIPT_CONTAMINATED,,other,,,
task17-059,https://www.hindustantimes.com/feeds/rss/cities/noida-news/rssfeed.xml,Yeida plans  ₹4.5cr landmark entry gate near Yamuna Expressway,https://www.hindustantimes.com/cities/noida-news/yeida-plans-4-5cr-landmark-entry-gate-near-yamuna-expressway-101790793601245.html,PUBLISH,Greater Noida,"Current YEIDA development in Sector 27/Yamuna Expressway with explicit industrial plot, park and airport-led development context.",QUALITY,FAIL,PASS,NO_GEO,,FALSE_NEGATIVE,JAVASCRIPT_CONTAMINATED,,,,EXTRACTION,Article body was not usable for downstream stages.
task17-060,https://www.hindustantimes.com/feeds/rss/cities/patna-news/rssfeed.xml,Bihar: Gandak river embankments breach at two places amid heavy water discharge from barrages,https://www.hindustantimes.com/cities/patna-news/bihar-gandak-river-embankments-breach-at-two-places-amid-heavy-water-discharge-from-barrages-101790750459064.html,REJECT_NEGATIVE,Patna,Flood/embankment breach disaster story; adverse and not a positive real-estate catalyst.,QUALITY,FAIL,PASS,NO_GEO,,TRUE_NEGATIVE,JAVASCRIPT_CONTAMINATED,CIVIC_DISTRESS,,,,
task17-061,https://infra.economictimes.indiatimes.com/rss/topstories,"PM Modi, Israeli PM Netanyahu hail Flydubai pilot Smit Machchhar after Saudi emergency landing",https://infra.economictimes.indiatimes.com/news/aviation/pm-modi-israeli-pm-netanyahu-hail-flydubai-pilot-smit-machchhar-after-saudi-emergency-landing/134607169,REJECT_OFF_TOPIC,,Aviation emergency/pilot story; unrelated.,DUPLICATE,FAIL,REJECT_NEGATIVE,NO_GEO,,TRUE_NEGATIVE,JAVASCRIPT_CONTAMINATED,,aviation,,,
task17-062,https://infra.economictimes.indiatimes.com/rss/urban-transportation,Delhi invokes ESMA for six months amid DTC contractual drivers’ strike,https://infra.economictimes.indiatimes.com/news/urban-transportation/delhi-invokes-esma-for-six-months-amid-dtc-contractual-drivers-strike/134593657,REJECT_NEGATIVE,Delhi,DTC strike/ESMA labour disruption; adverse transport-service story.,NEGATIVE,FAIL,REJECT_NEGATIVE,NO_GEO,,TRUE_NEGATIVE,JAVASCRIPT_CONTAMINATED,PROTEST,,,,
task17-063,https://timesofindia.indiatimes.com/rssfeedstopstories.cms,Indian oil refiners change strategy to get cheaper oil; hire ships & tankers to sail through Strait of Hormuz,https://timesofindia.indiatimes.com/business/india-business/indian-oil-refiners-change-strategy-to-get-cheaper-oil-hire-ships-tankers-to-sail-through-strait-of-hormuz/articleshow/134609765.cms,REJECT_OFF_TOPIC,,Oil shipping/refining strategy; general business/energy.,DUPLICATE,FAIL,REJECT_NEGATIVE,NO_GEO,,TRUE_NEGATIVE,CLEAN_ARTICLE,,energy,,,
task17-064,https://timesofindia.indiatimes.com/rssfeeds/2950623.cms,Arappor alleges irregularities in affiliation granted to 74 private colleges of education,https://timesofindia.indiatimes.com/city/chennai/arappor-alleges-irregularities-in-affiliation-granted-to-74-private-colleges-of-education/articleshow/134610447.cms,REJECT_OFF_TOPIC,Chennai,"Private-college affiliation irregularities; education/governance, unrelated.",NEGATIVE,FAIL,REJECT_NEGATIVE,NO_GEO,,TRUE_NEGATIVE,CLEAN_ARTICLE,,education,,,
task17-065,https://www.hindustantimes.com/feeds/rss/cities/gurugram-news/rssfeed.xml,Kingdom of Dreams: Men seen removing steel from HSVP-sealed complex,https://www.hindustantimes.com/cities/gurugram-news/kingdom-of-dreams-men-seen-removing-steel-from-hsvp-sealed-complex-101790829352453.html,REJECT_NEGATIVE,Gurugram,Sealed Kingdom of Dreams complex/steel removal; adverse enforcement/property dispute context.,NEGATIVE,FAIL,REJECT_NEGATIVE,NO_GEO,,TRUE_NEGATIVE,JAVASCRIPT_CONTAMINATED,DISPUTE,,,,
task17-066,https://www.hindustantimes.com/feeds/rss/cities/lucknow-news/rssfeed.xml,Rajya Sabha polls in UP: How predictable numbers game acquired spicy political flavour,https://www.hindustantimes.com/cities/lucknow-news/rajya-sabha-polls-in-uttar-pradesh-how-predictable-numbers-game-acquired-spicy-political-flavour-101790798208673.html,REJECT_OFF_TOPIC,Lucknow,Rajya Sabha election/politics; unrelated.,NEGATIVE,FAIL,REJECT_NEGATIVE,NO_GEO,,TRUE_NEGATIVE,JAVASCRIPT_CONTAMINATED,,politics,,,
task17-067,https://www.hindustantimes.com/feeds/rss/cities/others/rssfeed.xml,Nitin Nabin likely to attend closing event of ‘Seva Sankalp’ rally on October 7,https://www.hindustantimes.com/cities/others/nitin-nabin-likely-to-attend-closing-event-of-seva-sankalp-rally-on-october-7-101790794130905.html,REJECT_OFF_TOPIC,,Political rally story; unrelated.,NEGATIVE,FAIL,REJECT_NEGATIVE,NO_GEO,,TRUE_NEGATIVE,JAVASCRIPT_CONTAMINATED,,politics,,,
task17-068,https://www.hindustantimes.com/feeds/rss/real-estate/rssfeed.xml,"Anarock Property Consultants Limited files DRHP for ₹1,000 crore IPO; AI, tech investments among key plans",https://www.hindustantimes.com/real-estate/anarock-property-consultants-limited-files-drhp-for-1-000-crore-ipo-ai-tech-investments-among-key-plans-101790831385364.html,REJECT_OFF_TOPIC,,"Real-estate consultancy IPO/financing story; finance-only/general business, not city development.",NEGATIVE,FAIL,REJECT_NEGATIVE,NO_GEO,,TRUE_NEGATIVE,JAVASCRIPT_CONTAMINATED,,finance-only,,,
task17-069,https://rera.punjab.gov.in/latest-news.html,Real Estate Regulatory Authority,https://rera.punjab.gov.in/list-status-notices-section59.html,REJECT_NEGATIVE,,Punjab RERA Section 59 notices/maintenance page; enforcement/adverse and not a positive publishable article.,DUPLICATE,FAIL,REJECT_NEGATIVE,NO_GEO,,TRUE_NEGATIVE,ERROR_PAGE,PENALTY,,,,
