FILE,CLASSIFICATION,NOTES
src/index.js,PRODUCTION_REQUIRED,runtime ingestion; filtering; geo; dedupe and publishing
config/admin-settings.json,PRODUCTION_REQUIRED,source/city policy and API push flag
src/city-config.js,PRODUCTION_REQUIRED,city/source registry
.github/workflows/*.yml,PRODUCTION_REQUIRED,scheduled/manual execution
tools/task*.mjs,DIAGNOSTIC_ONLY,not imported by src/index.js
reports/source-audits/**,REPORT_ONLY,audit evidence; not runtime
tools/ocr-fallback.mjs,EXPERIMENTAL,not in runtime path; OCR remains gated
tools/multilingual-intelligence.mjs,PRODUCTION_SAFE_SUPPORT,review/normalization safety; auto-publish remains gated
admin/static-state.json,PRODUCTION_SAFE_SUPPORT,hosted admin snapshot; generated by workflow
package.json,PRODUCTION_REQUIRED,cheerio/rss-parser only; no new dependency in local line
