RECORD_ID,LANGUAGE,SCRIPT,SOURCE,CITY_SCOPE,TITLE_ORIGINAL,TITLE_NORMALIZED,URL,DATE,DESCRIPTION_ORIGINAL,SHORT_EVIDENCE_SNIPPET,NATIVE_GEO_EVIDENCE,NORMALIZED_CITY,TRANSLATION_STATUS,NORMALIZED_ANALYSIS,PIPELINE_RELEVANCE,PIPELINE_NEGATIVE,PIPELINE_GEO,PIPELINE_FINAL_STATE,DUPLICATE_STATUS,HUMAN_LABEL,HUMAN_CITY,HUMAN_REASON,HUMAN_NOTES
task22-005,Hindi,Devanagari,Live Hindustan,Greater Noida,"दिल्ली NCR में 1900 करोड़ का नया प्रोजेक्ट लॉन्च, बनेंगे 1088 फ्लैट; जानिए 5 जरूरी बातें","दिल्ली NCR में 1900 करोड़ का नया प्रोजेक्ट लॉन्च, बनेंगे 1088 फ्लैट; जानिए 5 जरूरी बातें",https://preprod.livehindustan.com/ncr/gaur-group-launches-gaurs-alaris-project-on-yamuna-expressway-1088-flats-1900-crore-revenue-201785836985277.html,2026-08-04T11:24:06.000Z,"Gaur group launches Gaurs Alaris Project: गौड़ ग्रुप ने यमुना एक्सप्रेसवे के सेक्टर-22डी में 11.8 एकड़ में 'गौड़ अलारिस' नाम से नया आवासीय प्रोजेक्ट लॉन्च किया है। इस परियोजना में 1,088 फ्लैट बनाए जाएंगे और कंपनी को इससे करीब 1,900 करोड़ रुपये के राजस्व की उम्मीद है।&nbsp;, Ncr Hindi News - Hindustan","दिल्ली NCR में 1900 करोड़ का नया प्रोजेक्ट लॉन्च, बनेंगे 1088 फ्लैट; जानिए 5 जरूरी बातेंAug 04, 2026 04:54 pm ISTBy Ratan Gupta लाइव हिन्दुस्तान Gaur group launches Gaurs Alaris Project: गौड़ ग्रुप ने यमुना एक्सप्रेसवे के सेक्टर-22डी में 11.8 एकड़ में 'गौड़ अलारिस' नाम से नया आवासीय प्रोजेक्ट लॉन्च किया है। इस परियोजना में 1,088 फ्लैट बनाए जाएंगे और कंपनी को इससे करीब 1,900 करोड़ रुपये के राजस्व की उम्मीद है। आवासीय फ्लैट की प्रतीकात्मक तस्वीरGaur group launches Gaurs Alaris Project: अगर आप दिल्ली-एनसीआर में घर खरीदने की योजना बना रहे हैं, तो आपके लिए अच्छी खबर है। रियल एस्टेट कंपनी गौड़ ग्रुप",delhi_ncr:ncr:TITLE_CITY | delhi_ncr:ncr:DESCRIPTION_CITY | noida:यमुना एक्सप्रेसवे:DESCRIPTION_NATIVE_CITY | faridabad:faridabad:BODY_CITY | gurugram:gurgaon:BODY_CITY | delhi_ncr:ncr:BODY_CITY | delhi:delhi:BODY_CITY | new_delhi:delhi:BODY_CITY | noida:noida:BODY_CITY | noida:नोएडा:BODY_NATIVE_CITY | noida:ग्रेटर नोएडा:BODY_NATIVE_CITY | noida:जेवर:BODY_NATIVE_CITY | noida:यमुना एक्सप्रेसवे:BODY_NATIVE_CITY | ghaziabad:ghaziabad:BODY_CITY,delhi_ncr,REVIEW_TRANSLATION_UNAVAILABLE,"दिल्ली NCR में 1900 करोड़ का नया प्रोजेक्ट लॉन्च, बनेंगे 1088 फ्लैट; जानिए 5 जरूरी बातें",positive_market_infrastructure,PASS,delhi_ncr,REVIEW_TRANSLATION_OR_EDITORIAL,UNIQUE,PUBLISH,Greater Noida,"Gaur Group launched Gaurs Alaris, a 1,088-flat residential project in Sector 22D on the Yamuna Expressway; concrete project launch with defensible Greater Noida/YEIDA-area evidence.",Pipeline geo appears over-broad (Delhi NCR); review geo normalization.
task22-006,Hindi,Devanagari,Amar Ujala,Delhi,"Delhi Master Plan 2047: जहां रोजगार, वहीं होगा आवास, नालों के किनारे बनेंगे ग्रीनवे; किसानों ने बताया धोखा","Delhi Master Plan 2047: जहां रोजगार, वहीं होगा आवास, नालों के किनारे बनेंगे ग्रीनवे; किसानों ने बताया धोखा",https://www.amarujala.com/delhi-ncr/delhi-master-plan-2047-features-employment-centric-housing-policy-workers-to-get-affordable-homes-2026-08-22?src=story-related-auto-amp,2026-08-22T02:41:14.000Z,,"{""_id"":""6a890b67ca9b77c8ce0888d8"",""slug"":""delhi-master-plan-2047-features-employment-centric-housing-policy-workers-to-get-affordable-homes-2026-08-22"",""type"":""feature-story"",""status"":""publish"",""title_hn"":""Delhi Master Plan 2047: जहां रोजगार, वहीं होगा आवास, नालों के किनारे बनेंगे ग्रीनवे; किसानों ने बताया धोखा"",""category"":{""title"":""City & states"",""title_hn"":""शहर और राज्य"",""slug"":""city-and-states""}} Delhi Master Plan 2047: जहां रोजगार, वहीं होगा आवास, नालों के किनारे बनेंगे ग्रीनवे; किसानों ने बताया धोखा Sat, 22 Aug 2026 08:11 AM IST अनुज कुमार विनोद डबास/सनी सिंह, अमर उजाला, दिल्ली गूगल में +",delhi:delhi:TITLE_CITY | new_delhi:delhi:TITLE_CITY | delhi:delhi:BODY_CITY | new_delhi:delhi:BODY_CITY,delhi,REVIEW_TRANSLATION_UNAVAILABLE,"Delhi Master Plan 2047: जहां रोजगार, वहीं होगा आवास, नालों के किनारे बनेंगे ग्रीनवे; किसानों ने बताया धोखा",project_development,PASS,delhi,REVIEW_TRANSLATION_OR_EDITORIAL,UNIQUE,REJECT_INSUFFICIENT,Delhi,The available evidence is dominated by structured metadata/title and does not provide enough clean article body to safely resolve the Master Plan features versus the adverse farmer 'fraud' framing.,Do not infer a positive decision from the headline alone.
task22-004,Hindi,Devanagari,Amar Ujala,Delhi,"DDA Scheme: दिल्ली में विकास प्राधिकरण के 1200 से ज्यादा फ्लैटों पर 25 फीसदी छूट, 15 अगस्त से होगी बुकिंग","DDA Scheme: दिल्ली में विकास प्राधिकरण के 1200 से ज्यादा फ्लैटों पर 25 फीसदी छूट, 15 अगस्त से होगी बुकिंग",https://www.amarujala.com/delhi-ncr/dda-scheme-over-25-discount-on-more-than-1-200-flats-in-delhi-bookings-to-start-from-august-15-2026-07-23?src=story-related-auto-amp,2026-07-22T22:26:51.000Z,दिल्ली में घर खरीदने की योजना बना रहे लोगों के लिए डीडीए ने बड़ा मौका दिया है।,"दिल्ली में घर खरीदने की योजना बना रहे लोगों के लिए डीडीए ने बड़ा मौका दिया है। डीडीए ने कर्मजीवी आवास योजना 2026 के तहत नरेला में 1200 से अधिक रेडी टू मूव फ्लैटों पर 25 फीसदी की छूट देने का ऐलान किया है। योजना के लिए पंजीकरण 24 जुलाई से शुरू होगा, जबकि 15 अगस्त से पहले आओ, पहले पाओ के आधार पर ऑनलाइन बुकिंग की जाएगी। योजना में 1 बीएचके, 2 बीएचके और 3 बीएचके फ्लैट शामिल हैं। 25 फीसदी छूट के बाद 1 बीएचके फ्लैट की शुरुआती कीमत 33.40 लाख रुपये, 2 बीएचके की 75.55 लाख रुपये और 3 बीएचके की 1.065 करोड़ रुपये रखी गई है। सभी फ्लैट तैयार हैं और खरीदारों को कब्जे के लिए इंतजार नहीं करना पड़ेगा। सरकारी कर्म",,,REVIEW_TRANSLATION_UNAVAILABLE,"DDA Scheme: दिल्ली में विकास प्राधिकरण के 1200 से ज्यादा फ्लैटों पर 25 फीसदी छूट, 15 अगस्त से होगी बुकिंग",project_development,PASS,NO_SUPPORTED_CITY_EVIDENCE,REVIEW_INSUFFICIENT,UNIQUE,PUBLISH,Delhi,"DDA Karmjeevī Awas Yojana 2026 offers 1,200+ ready-to-move flats in Narela with booking dates, unit types and prices; concrete authority housing scheme.",Pipeline missed clear Delhi/Narela geo evidence.
task22-003,Hindi,Devanagari,Live Hindustan,Delhi,"दिल्ली में घर का सपना करें साकार; डीडीए ला रहा नई आवास योजना, कब से रजिस्ट्रेशन?","दिल्ली में घर का सपना करें साकार; डीडीए ला रहा नई आवास योजना, कब से रजिस्ट्रेशन?",https://www.livehindustan.com/ncr/dda-flats-new-awas-yojana-know-when-will-be-registration-know-time-and-price-201790770774465.html,2026-09-30T12:36:23.000Z,"डीडीए अपनी जनता आवास योजना के दूसरे चरण के तहत फ्लैटों के लिए रजिस्ट्रेशन शुरू करने जा रहा है। इस रिपोर्ट में जानें कब से रजिस्ट्रेशन? फ्लैट्स की कितनी रह सकती है कीमत?, Ncr Hindi News - Hindustan","दिल्ली में घर का सपना करें साकार; डीडीए ला रहा नई आवास योजना, कब से रजिस्ट्रेशन?Sep 30, 2026 06:19 pm ISTBy Krishna Bihari Singh लाइव हिन्दुस्तान, नई दिल्ली डीडीए अपनी जनता आवास योजना के दूसरे चरण के तहत फ्लैटों के लिए रजिस्ट्रेशन शुरू करने जा रहा है। इस रिपोर्ट में जानें कब से रजिस्ट्रेशन? फ्लैट्स की कितनी रह सकती है कीमत? डीडीए आवास योजना के दूसरे चरण की लॉन्चिंग करने जा रहा है।राहुल मानव, नई दिल्लीदिल्ली विकास प्राधिकरण यानी डीडीए अपनी जनता आवास योजना के दूसरे चरण की लॉन्चिंग करने जा रहा है। इस योजना तहत रोहतक रोड पर जखीरा फ्लाईओवर के पास 209 ईडब्ल्यूएस फ्लैटों के लिए रजिस्ट्रेशन शुरू होंगे",delhi_ncr:ncr:DESCRIPTION_CITY | faridabad:faridabad:BODY_CITY | gurugram:gurgaon:BODY_CITY | krishna:krishna:BODY_CITY | delhi_ncr:ncr:BODY_CITY | delhi:delhi:BODY_CITY | new_delhi:delhi:BODY_CITY | noida:noida:BODY_CITY | ghaziabad:ghaziabad:BODY_CITY,delhi_ncr,REVIEW_TRANSLATION_UNAVAILABLE,"दिल्ली में घर का सपना करें साकार; डीडीए ला रहा नई आवास योजना, कब से रजिस्ट्रेशन?",unclassified,PASS,delhi_ncr,REVIEW_INSUFFICIENT,UNIQUE,PUBLISH,Delhi,DDA is launching the second phase of its Janata housing scheme with 209 EWS flats and a defined registration event; concrete authority housing supply.,Pipeline missed explicit Delhi/New Delhi/DDA evidence.
task22-009,Marathi,Devanagari,Maharashtra Times,Pune,पुणे-मुंबई महामार्गालगत हक्काचं घर घेण्याची संधी! ६३४ सदनिकांची सोडत लवकरच; उत्पन्नाची अट केली शिथिल,पुणे-मुंबई महामार्गालगत हक्काचं घर घेण्याची संधी! 634 सदनिकांची सोडत लवकरच; उत्पन्नाची अट केली शिथिल,https://maharashtratimes.com/maharashtra/pune-news/mhada-pune-lottery-2026-for-634-houses-in-tathawade-income-criteria-relaxed/articleshow/132529190.cms,2026-07-21T06:52:29.000Z,"Pune News: पुणे गृहनिर्माण आणि क्षेत्रविकास मंडळाच्या (‘म्हाडा’) दुसऱ्या टप्प्यात ६३४ सदनिका रिक्त असून, संगणकीय सोडत पद्धतीने या सदनिकांचे वितरण करण्यात येणार आहे. त्यासाठीची जाहिरात ‘म्हाडा’ने काढली असून, सोमवारपासून (२० जुलै) नोंदणी, अर्जविक्री-स्वीकृतीला सुरुवात झाली आहे. ही प्रक्रिया २५ ऑगस्टपर्यंत पूर्ण करण्यात येणार असून, या शिल्लक सदनिकांसाठी उत्पन्नाची अट शिथिल केली आहे.","marathi Newsmaharashtrapune newsMhada Pune Lottery 2026 For 634 Houses In Tathawade Income Criteria RelaxedMHADA Pune Lottery 2026: पुणे-मुंबई महामार्गालगत हक्काचं घर घेण्याची संधी! ६३४ सदनिकांची सोडत लवकरच; उत्पन्नाची अट केली शिथिलEdited by: सानिया कदम|महाराष्ट्र टाइम्स•21 Jul 2026, 12:22 pm ISTSubscribe MHADA Tathawade Lottery: पुणे-मुंबई महामार्गालगत असलेल्या ताथवडे येथे ६३४ सदनिकांना अल्प प्रतिसाद मिळल्यामुळे पुन्हा जाहिरात प्रसिद्ध केली असून उतपन्न गटातील अटही शिथिल केली आहे.म.टा. प्रतिनिधी, पुणे: पुणे गृहनिर्माण आणि क्षेत्रविकास मंडळाच्या (‘म्हाडा’) दुसऱ्या टप्प्यात ६३४ सदनिका रिक्त असून",pune:pune:DESCRIPTION_CITY | mumbai:mumbai:BODY_CITY | pune:pune:BODY_CITY,pune,REVIEW_TRANSLATION_UNAVAILABLE,पुणे-मुंबई महामार्गालगत हक्काचं घर घेण्याची संधी! 634 सदनिकांची सोडत लवकरच; उत्पन्नाची अट केली शिथिल,project_development,PASS,pune,REVIEW_INSUFFICIENT,UNIQUE,PUBLISH,Pune,MHADA Pune board opened a new lottery/allotment process for 634 Tathawade flats with registration dates and relaxed eligibility; concrete housing-authority event.,
task22-007,Hindi,Devanagari,Amar Ujala,Delhi,"अपहरण, दरिंदगी और कत्ल: दर्दभरी चीखें, बेबसी और रहम की गुहार, कार में हैवानियत, चिल्लाने पर मासूम का मर्डर","अपहरण, दरिंदगी और कत्ल: दर्दभरी चीखें, बेबसी और रहम की गुहार, कार में हैवानियत, चिल्लाने पर मासूम का मर्डर",https://www.amarujala.com/delhi/delhi-crime-news-11-year-old-girl-found-dead-after-abduction-in-delhi-accused-arrested-2026-06-25,2026-06-25T09:19:52.000Z,"दक्षिण दिल्ली के महरौली इलाके 11 साल की मासूम बच्ची के अपहरण, उसके साथ दरिंदगी और फिर बेरहमी से हत्या ने पूरे समाज को झकझोर कर रख दिया है।","उसने बच्ची अपनी मां, तीन बहन-भाई के बाद पांचवें नंबर पर सोता देख उसे कैब में लिटा लिया और गाड़ी गुरुग्राम की ओर मोड़ दी। इस बीच बच्ची की नींद खुली और खिड़की से बाहर देख वह पापा...पापा .. चिल्लाने लगी। आरोपी ने उसे कहा कि वह घुमाकर परिवार के पास छोड़ देगा। एक पुलिस अधिकारी के मुताबिक बच्ची की आवाज सुनकर उसके पिता ने कार का पीछा भी किया और बदहवास हालात में जहां परिवार सो रहा था वहां आया और अपहरण की जगह पर सो रहे बुजुर्ग से कार चालक के बारे में पूछा लेकिन वह कुछ बता नहीं आए। इस पर पीड़ित परिवार ने करीब 5:30 बजे पुलिस को सूचना दी। महरौली थानाध्यक्ष रितेश शर्मा और इंस्पेक्टर लॉ एंड ऑर्डर अजय यादव ट",faridabad:फरीदाबाद:BODY_NATIVE_CITY | gurugram:गुरुग्राम:BODY_NATIVE_CITY,faridabad,REVIEW_TRANSLATION_UNAVAILABLE,"अपहरण, दरिंदगी और कत्ल: दर्दभरी चीखें, बेबसी और रहम की गुहार, कार में हैवानियत, चिल्लाने पर मासूम का मर्डर",reject_negative,REJECT_NEGATIVE,faridabad,REJECT_NEGATIVE,UNIQUE,REJECT_OFF_TOPIC,Delhi,Crime report concerning abduction and murder; not a real-estate/development event.,City/property-like location terms must never make crime relevant.
task22-019,Telugu,Telugu,Sakshi,Hyderabad,హైదరాబాద్‌లో ఇల్లు.. ఇకపై ఇలాగే కట్టుకోవాలి!,హైదరాబాద్‌లో ఇల్లు.. ఇకపై ఇలాగే కట్టుకోవాలి!,https://cms.sakshi.com/telugu-news/business/hyderabad-new-building-rules-cure-act-green-buildings-construction-norms,"Sat, 07/18/2026 - 09:27","Hyderabad New Building Rules CURE Act Green Buildings Construction Norms, Check Out More Details Inside: స్టామ్‌వాటర్‌ మేనేజ్‌మెంట్‌ప్లాన్‌ ఉండాలి. అంతేకాదు, గాలి ప్రభావం, భూకంప భద్రత వంటి సాంకేతిక నివేదికలను సైతం కోరే అధికారం ఉంటుంది. నెట్‌– జీరో, గ్రీన్‌ బిల్డింగ్స్‌ లేదా తక్కువ కర్బన ఉద్గారాల భవనాలకు ప్రభుత్వ నిబంధనల మేరకు ప్రోత్సాహకాలు ఇవ్వడానికి చట్టం అవకాశం కల్పించింది.","హైదరాబాద్‌లో ఇల్లు.. ఇకపై ఇలాగే కట్టుకోవాలి! Jul 18 2026 9:27 AM | Updated on Jul 19 2026 7:07 AM సాక్షి, సిటీబ్యూరో: భవిష్యత్‌ అవసరాలను దృష్టిలో ఉంచుకొని గ్రేటర్‌ నగరంలో నిర్మాణాలకు ‘క్యూర్‌’ కొత్త చట్టంలో కట్టుదిట్టమైన ప్రమాణాలను ప్రతిపాదించారు. గ్రీన్‌ బిల్డింగ్స్‌కు ప్రాధాన్యమిస్తూ తగిన ప్రోత్సాహకాలతో పాటు, పెద్ద భవనాల్లో వాతావరణ మార్పులను తట్టుకునే డిజైన్లు, వర్షపునీటి సంరక్షణ, నిర్మాణ సమయంలో దుమ్ము, శబ్ద కాలుష్య నియంత్రణ చర్యలు, అవసరాకనుగుణంగా ప్రభుత్వం సూచించే ఇతర పర్యావరణ చర్యలు అమలు చేయాల్సి ఉంటుంది.భారీ భవనాలు లేదా ప్రత్యేక కేటగిరీల ప్రాజెక్టులకు ట్రాఫిక్‌ ఇంపాక్ట్‌ స్టడీతోపాటు పర్యా",hyderabad:hyderabad:DESCRIPTION_CITY | hyderabad:hyderabad:BODY_CITY,hyderabad,REVIEW_TRANSLATION_UNAVAILABLE,హైదరాబాద్‌లో ఇల్లు.. ఇకపై ఇలాగే కట్టుకోవాలి!,project_development,PASS,hyderabad,REVIEW_INSUFFICIENT,UNIQUE,PUBLISH,Hyderabad,"Hyderabad construction rules introduce concrete green-building, climate-resilience and project-design requirements; directly relevant development/building regulation with explicit Hyderabad evidence.",
task22-022,Telugu,Telugu,Sakshi,Hyderabad,47 ఏళ్ల హౌసింగ్‌ బోర్డు చరిత్రలో తొలిసారి ఇందిరమ్మ టవర్స్‌,47 ఏళ్ల హౌసింగ్‌ బోర్డు చరిత్రలో తొలిసారి ఇందిరమ్మ టవర్స్‌,https://cms.sakshi.com/telugu-news/telangana/hyderabad-indiramma-houses-construction-begins-today-2872490,"Thu, 08/13/2026 - 07:05","Telangana CM Revanth Reddy will launch Indiramma Towers in Hyderabad’s KPHB, offering 480 affordable homes to eligible poor and middle-class families.","47 ఏళ్ల హౌసింగ్‌ బోర్డు చరిత్రలో తొలిసారి ఇందిరమ్మ టవర్స్‌ Aug 13 2026 7:05 AM | Updated on Aug 13 2026 10:24 AM సాక్షి, హైదరాబాద్‌: మహా హైదరాబాద్‌లో పేద, మధ్య తరగతి ప్రజల సొంతింటి కలను సాకారం చేసే దిశగా ప్రభుత్వం మరో అడుగు వేస్తోంది. కేపీహెచ్‌బీలోని ప్రైమ్‌ లొకేషన్‌లో ఇందిరమ్మ టవర్స్‌ నిర్మాణానికి గురువారం ముఖ్యమంత్రి రేవంత్‌ రెడ్డి శంకుస్థాపన చేయనున్నారు. ఈ కార్యక్రమానికి గృహనిర్మాణ శాఖ మంత్రి పొంగులేటి శ్రీనివాసరెడ్డి, ఐటీ పరిశ్రమల శాఖ మంత్రి దుద్దిళ్ల శ్రీధర్‌ బాబుతో పాటు పలువురు ప్రజాప్రతినిధులు హాజరుకానున్నారు. హౌసింగ్‌ బోర్డు 47 ఏళ్ల చరిత్రలో తొలిసారిగా ఇలాంటి బహుళ అంతస్తుల టవర్స్‌ నిర్",hyderabad:hyderabad:DESCRIPTION_CITY | hyderabad:hyderabad:BODY_CITY,hyderabad,REVIEW_TRANSLATION_UNAVAILABLE,47 ఏళ్ల హౌసింగ్‌ బోర్డు చరిత్రలో తొలిసారి ఇందిరమ్మ టవర్స్‌,authority_pipeline,PASS,hyderabad,REVIEW_INSUFFICIENT,UNIQUE,PUBLISH,Hyderabad,Indiramma Towers construction/foundation event at KPHB for 480 affordable homes; concrete government housing development.,
task22-008,Marathi,Devanagari,Loksatta,Pune,पुण्यातील गृहनिर्माण उद्योगावर ‘काँक्रीट संकट’? बांधकामासाठी अत्यावश्यक का मिळेनासे झाले?,पुण्यातील गृहनिर्माण उद्योगावर ‘काँक्रीट संकट’? बांधकामासाठी अत्यावश्यक का मिळेनासे झाले?,https://www.loksatta.com/explained/pune-housing-sector-crisis-ready-mix-concrete-rmc-plant-strike-impact-print-exp-zws-70-5880472/,2026-05-06T01:30:00.000Z,पुण्यातील ३०० हून अधिक आरएमसी प्रकल्प बंद असल्याने गृहनिर्माण आणि पायाभूत सुविधांची कामे ठप्प झाली आहेत. | Pune RMC strike halts construction projects.,"रेडी मिक्स काँक्रीट (आरएमसी) प्रकल्प हे गृहनिर्माण आणि पायाभूत सुविधा क्षेत्राचे अविभाज्य अंग आहेत. कारण बांधकामासाठी पाण्यानंतर काँक्रीट हा दुसरा सर्वाधिक वापरला जाणारा घटक आहे. आरएमसी प्रकल्पांवर मेट्रो प्रकल्प, पूल, महामार्ग, औद्योगिक कॉरिडॉर आणि गृहनिर्माण प्रकल्प अवलंबून आहेत. पण पुणे जिल्ह्यातील तीनशेहून अधिक आरएमसी प्रकल्प १५ एप्रिलपासून बंद आहेत. आरएमसी प्रकल्पांना एकसमान नियमावली लागू करावी, या मागणीसाठी हे आंदोलन सुरू असून, त्याचा मोठा फटका पुण्यातील गृहनिर्माण क्षेत्रासह पायाभूत सुविधा प्रकल्पांना बसू लागला आहे. नेमकी समस्या काय? या उद्योगासाठी एकसमान नियमावली लागू करावी, अशी पुणे आ",pune:pune:DESCRIPTION_CITY,pune,REVIEW_TRANSLATION_UNAVAILABLE,पुण्यातील गृहनिर्माण उद्योगावर ‘काँक्रीट संकट’? बांधकामासाठी अत्यावश्यक का मिळेनासे झाले?,reject_negative,REJECT_NEGATIVE,pune,REJECT_NEGATIVE,UNIQUE,REJECT_NEGATIVE,Pune,RMC shutdown/strike has stalled housing and infrastructure construction; explicit disruption and adverse project impact.,
task22-012,Marathi,Devanagari,Maharashtra Times,Mumbai,"Mumbai News: फक्त 51 टक्क्यांत पुनर्विकास मंजूर! गृहनिर्माण संस्थांसाठी राज्य सरकारचा गेमचेंजर निर्णय, बदललेले नियम वाचले का?","Mumbai News: फक्त 51 टक्क्यांत पुनर्विकास मंजूर! गृहनिर्माण संस्थांसाठी राज्य सरकारचा गेमचेंजर निर्णय, बदललेले नियम वाचले का?",https://maharashtratimes.com/maharashtra/mumbai-news/maharashtra-housing-society-new-rules-online-agm-51-percent-redevelopment/articleshow/131293296.cms,2026-05-24T14:26:27.000Z,"Maharashtra Housing society new rules: महाराष्ट्र सरकारने तब्बल सहा वर्षांच्या प्रतीक्षेनंतर गृहनिर्माण संस्थांच्या नवीन नियमांना मंजुरी दिली आहे. यामुळे राज्यातील सुमारे १.२५ लाख सोसायट्यांच्या कारभारात डिजिटल प्रशासन, पुनर्विकासातील पारदर्शकता आणि आर्थिक शिस्त येणार आहे.","मुंबई: मुंबई, पुणे, ठाण्यासह संपूर्ण महाराष्ट्रातील सहकारी गृहनिर्माण संस्थांसाठी अखेर राज्य सरकारने एक अत्यंत मोठा आणि ऐतिहासिक निर्णय घेतला आहे. तब्बल ६ वर्षांच्या प्रदीर्घ प्रतीक्षेनंतर 'महाराष्ट्र सहकारी गृहनिर्माण संस्था नियमांना' सरकारने अंतिम मंजुरी दिली आहे. या निर्णयामुळे राज्यातील सुमारे १.२५ लाख गृहनिर्माण संस्थांच्या दैनंदिन कारभारात आणि नियमांमध्ये आमूलाग्र बदल होणार आहेत. नव्या नियमावलीत डिजिटल प्रशासन, पुनर्विकास प्रक्रियेतील पारदर्शकता, आर्थिक शिस्त आणि सामान्य सभासदांच्या हक्कांवर विशेष भर देण्यात आला आहे.२०१९ मध्ये सहकारी कायद्यात दुरुस्ती झाल्यानंतर २०२० मध्ये या नियमांचा मस",mumbai:mumbai:TITLE_CITY,mumbai,REVIEW_TRANSLATION_UNAVAILABLE,"Mumbai News: फक्त 51 टक्क्यांत पुनर्विकास मंजूर! गृहनिर्माण संस्थांसाठी राज्य सरकारचा गेमचेंजर निर्णय, बदललेले नियम वाचले का?",project_development,PASS,mumbai,REVIEW_INSUFFICIENT,UNIQUE,REJECT_INSUFFICIENT,,"The rules apply across Maharashtra, including multiple cities; the evidence does not justify routing this statewide housing-society policy to Mumbai alone.",Keep statewide/no-city rather than forcing a dateline city.
task22-013,Marathi,Devanagari,Loksatta,Pune,नवीन घराचे स्वप्न लांबणीवर! यंदा बिल्डरकडून ताबा चार महिने उशिराने मिळणार,नवीन घराचे स्वप्न लांबणीवर! यंदा बिल्डरकडून ताबा चार महिने उशिराने मिळणार,https://www.loksatta.com/pune/pune-maharera-flat-possession-delayed-by-four-months-west-asia-war-pune-print-news-asj-82-6126732/,2026-09-09T07:16:49.000Z,MahaRERA Delay Pune News | पश्चिम आशियातील युद्धाच्या पार्श्वभूमीवर महारेराने गृहनिर्माण प्रकल्पांना ४ महिन्यांची मुदतवाढ दिली आहे. जाणून घ्या सविस्तर.,"पुणे : पश्चिम आशियातील युद्धाच्या पार्श्वभूमीवर ‘महारेरा’ने राज्यातील ‘महारेरा’कडे नोंदणीकृत असलेल्या गृहनिर्माण प्रकल्पांना सरसकट ४ महिन्यांची मुदतवाढ दिली आहे. ही मुदतवाढ २८ फेब्रुवारी अथवा त्यानंतर घरांचा ताबा दिला जाणार होता, अशा सर्व गृहनिर्माण प्रकल्पांना लागू झाली आहे. या निर्णयाचे विकासकांनी स्वागत केले आहे. मात्र, ग्राहक संघटनांनी या निर्णयावर नाराजी व्यक्त केली आहे. या निर्णयामुळे ग्राहकांना घरांचा ताबा चार महिने उशिरा मिळणार आहे. पश्चिम आशियातील युद्धजन्य परिस्थितीमुळ्ये स्थावर संपदा क्षेत्रात बांधकाम साहित्याचा तुटवडा निर्माण झाला. यामुळे निर्माण झालेल्या अडचणींतून मार्ग काढण्यासाठ",pune:pune:DESCRIPTION_CITY,pune,REVIEW_TRANSLATION_UNAVAILABLE,नवीन घराचे स्वप्न लांबणीवर! यंदा बिल्डरकडून ताबा चार महिने उशिराने मिळणार,reject_negative,REJECT_NEGATIVE,pune,REJECT_NEGATIVE,UNIQUE,REJECT_NEGATIVE,Pune,MahaRERA granted a four-month extension and home possession will be delayed; explicit delay and consumer dissatisfaction.,
task22-014,Malayalam,Malayalam,Manorama Online,Kochi,"കൊച്ചി സെറ്റാണ്, നിങ്ങളോ? കേരളത്തിലെ ഏറ്റവും വലിയ പ്രോപ്പർട്ടി എക്സ്പോ വീണ്ടുമെത്തുന്നു!","കൊച്ചി സെറ്റാണ്, നിങ്ങളോ? കേരളത്തിലെ ഏറ്റവും വലിയ പ്രോപ്പർട്ടി എക്സ്പോ വീണ്ടുമെത്തുന്നു!",https://www.manoramaonline.com/homestyle/nest/2026/08/03/book-your-dreamhome-at-credai-property-expo-kochi.html,2026-08-03T06:28:33.000Z,"കേരളത്തിലെയും വിദേശത്തുമുള്ള നിരവധി ആളുകൾക്ക് വീട് വാങ്ങണോ കാത്തിരിക്കണോ എന്ന വിഷയത്തിൽ ആശങ്കകളുണ്ടെന്നും, ഇതിനൊരു പരിഹാരമായി ഓഗസ്റ്റ് 8, 9 തീയതികളിൽ കൊച്ചി കലൂർ ജെ.എൻ.ഐ സ്റ്റേഡിയത്തിൽ ക്രെഡായിയുടെ ഏറ്റവും വലിയ പ്രോപ്പർട്ടി എക്സ്പോ നടക്കുന്നു എന്നും ലേഖനം പറയുന്നു. അതിവേഗം വികസിക്കുന്ന കൊച്ചി നഗരത്തിന്റെ വളർച്ച, മെട്രോ, വാട്ടർ മെട്രോ, ഐടി ഹബ്ബുകൾ, ഷിപ്പ്‌യാർഡ് എന്നിവയെല്ലാം പ്രോപ്പർട്ടി മൂല്യം ഉയർത്തുന്നതായും, അതിനാൽ ഇപ്പോഴുള്ള നിക്ഷേപം ലാഭകരമാകുമെന്നും ലേഖനം വ്യക്തമാക്കുന്നു. വിശ്വസ്തരായ ബിൽഡർമാരുടെ നൂറിലേറെ റെറ രജിസ്റ്റർ ചെയ്ത പ്രോജക്റ്റുകൾ, വിവിധ ബാങ്കുകളുടെ ഹോം ലോൺ സൗകര്യങ്ങൾ എന്നിവയെല്ലാം എക്സ്പോയിൽ ലഭ്യമാണ്, പ്രവേശനം സൗജന്യമാണ്.","ഇപ്പോൾ കേരളത്തിലെ മിക്ക സ്വീകരണമുറികളിലും ഗൾഫിലെ ഫ്ലാറ്റുകളിലും, ബെംഗളൂരുവിലെ വീടുകളിലും മാത്രമല്ല കുടുംബ വാട്ട്സ്ആപ്പ് ഗ്രൂപ്പുകളിൽ പോലും സജീവമായൊരു ചർച്ചയുണ്ട്– ""നാട്ടിലൊരു വീട് അല്ലെങ്കിൽ ഫ്ലാറ്റ് ഇപ്പോൾ വാങ്ങണോ, അതോ കുറച്ചുകൂടി കാത്തിരിക്കണോ?"" നിങ്ങളും ഈയടുത്ത് ഇതേക്കുറിച്ച് ചിന്തിച്ചിട്ടുണ്ടെങ്കിൽ, ഈ ഓഗസ്റ്റ് മാസത്തിൽ നിങ്ങൾ തീർച്ചയായും സന്ദർശിക്കേണ്ട ഒരിടമുണ്ട്. കഴിഞ്ഞ 20-ലേറെ വർഷങ്ങളായി കേരളത്തിലെ ഏറ്റവും വലിയ, വിശ്വസനീയമായ പ്രോപ്പർട്ടി എക്സിബിഷനായ 'ക്രെഡായി പ്രോപ്പർട്ടി എക്സ്പോ' (CREDAI Property Expo) കലൂർ സ്റ്റേഡിയത്തിൽ നടക്കുകയാണ്. കാത്തുനിൽക്കാതെ കുതിക്കുന്ന കൊച്ചി കൊച്ചി ഇപ്പോൾ പതു",kochi:kochi:BODY_CITY,kochi,REVIEW_TRANSLATION_UNAVAILABLE,"കൊച്ചി സെറ്റാണ്, നിങ്ങളോ? കേരളത്തിലെ ഏറ്റവും വലിയ പ്രോപ്പർട്ടി എക്സ്പോ വീണ്ടുമെത്തുന്നു!",project_development,PASS,kochi,REVIEW_INSUFFICIENT,UNIQUE,REJECT_OFF_TOPIC,Kochi,"CREDAI property expo/promotional event and investment-oriented exposition; no specific project launch, approval, development milestone or authority event is established.",
task22-020,Telugu,Telugu,Sakshi,Hyderabad,చిన్న ప్లాటు.. పెద్ద ఊరట!,చిన్న ప్లాటు.. పెద్ద ఊరట!,https://cms.sakshi.com/telugu-news/telangana/hmda-inmulnarva-plots-sale-affordable-residential-plots-hyderabad-2880116,"Fri, 08/21/2026 - 12:42","సాక్షి, హైదరాబాద్‌: హైదరాబాద్‌ మహానగరాభివృద్ధి సంస్థ (హెచ్‌ఎండీఏ) మొదటిసారిగా తక్కువ విస్తీర్ణం కలిగిన ప్లాట్‌లను విక్రయానికి సిద్ధం చేసింది. సామాన్య, మధ్యతరగతి వర్గాలకు అందుబాటులో ఉండేలా ఏర్పాటు చేసిన ఇన్ముల్‌నర్వా లేఅవుట్‌ ఆయా వర్గాలను విశేషంగా ఆకట్టుకుంటోంది.","చిన్న ప్లాటు.. పెద్ద ఊరట! Aug 21 2026 12:42 PM | Updated on Aug 21 2026 12:51 PM సామాన్య, మధ్యతరగతిని ఆకర్షిస్తున్న ఇన్ముల్‌నర్వాతక్కువ విస్తీర్ణం స్థలాల విక్రయానికి హెచ్‌ఎండీఏ సంసిద్ధం152 నుంచి 300 గజాల వరకు 60 ప్లాట్లువచ్చే నెల 3న ఆన్‌లైన్‌ బిడ్డింగ్‌కు ఏర్పాట్లు సాక్షి, హైదరాబాద్‌: హైదరాబాద్‌ మహానగరాభివృద్ధి సంస్థ (హెచ్‌ఎండీఏ) మొదటిసారిగా తక్కువ విస్తీర్ణం కలిగిన ప్లాట్‌లను విక్రయానికి సిద్ధం చేసింది. సామాన్య, మధ్యతరగతి వర్గాలకు అందుబాటులో ఉండేలా ఏర్పాటు చేసిన ఇన్ముల్‌నర్వా లేఅవుట్‌ ఆయా వర్గాలను విశేషంగా ఆకట్టుకుంటోంది.రంగారెడ్డి జిల్లాలోని కొత్తూరు, ఫరూక్‌నగర్‌ మండలాల్లో విస్తరించిన ఈ లే అ",hyderabad:hyderabad:BODY_CITY,hyderabad,REVIEW_TRANSLATION_UNAVAILABLE,చిన్న ప్లాటు.. పెద్ద ఊరట!,project_development,PASS,hyderabad,REVIEW_INSUFFICIENT,UNIQUE,PUBLISH,Hyderabad,HMDA prepared 60 smaller residential plots for sale/online bidding in the Inmulnarva layout; concrete authority plot-sale event with Hyderabad metropolitan authority evidence.,Retain locality/district evidence; do not generalize unrelated Rangareddy content to Hyderabad.
task22-021,Telugu,Telugu,Sakshi,Hyderabad,కోకాపేట్‌.. మరో జాక్‌పాట్‌!,కోకాపేట్‌.. మరో జాక్‌పాట్‌!,https://cms.sakshi.com/telugu-news/telangana/kokapet-hmda-plans-sell-90-acres-after-it-sez-denotification-2849938,"Tue, 07/21/2026 - 08:02","HMDA plans to auction over 90 acres in Kokapet after SEZ denotification, aiming to generate more than Rs 9,000 crore in revenue.","కోకాపేట్‌.. మరో జాక్‌పాట్‌! Jul 21 2026 8:02 AM | Updated on Jul 21 2026 9:10 AM సుమారు రూ.9 వేల కోట్లకు పైగా ఆదాయమే లక్ష్యం ఐటీ సెజ్‌ రద్దుతో 90 ఎకరాలకు పైగా అందుబాటులోకి వ్యాపార దిగ్గజ సంస్థలకు కొంగు బంగారంగా కోకాపేట్‌ భూములు సాక్షి, హైదరాబాద్‌: సర్కార్‌కు పెద్ద ఎత్తున కాసుల వర్షం కురిపిస్తున్న కోకాపేట్‌లో మరో భారీ వెంచర్‌ కోసం హైదరాబాద్‌ మహానగరాభివృద్ధి సంస్థ (హెచ్‌ఎండీఏ) ప్రణాళికలు రూపొందిస్తోంది. ఈ మేరకు గతంలో ఐటీ సెజ్‌ కోసం కేటాయించిన భూములను తిరిగి వెనక్కి తీసుకొనేందుకు (సెజ్‌ డీనోటిఫై) చర్యలు చేపట్టింది. అప్పట్లో సుమారు 117 ఎకరాలను ఐటీ సెజ్‌ కోసం కేటాయించారు. కానీ కొన్ని సంస్థలు మాత్రమ",hyderabad:hyderabad:BODY_CITY,hyderabad,REVIEW_TRANSLATION_UNAVAILABLE,కోకాపేట్‌.. మరో జాక్‌పాట్‌!,project_development,PASS,hyderabad,REVIEW_INSUFFICIENT,UNIQUE,PUBLISH,Hyderabad,HMDA plans a 90+ acre Kokapet land disposition/venture after SEZ denotification with a stated revenue target; concrete authority land/development event.,
task22-027,Telugu,Telugu,Sakshi,Hyderabad,కొత్త ఏడాదిపై రియల్‌ ఎస్టేట్‌ గంపెడాశలు,కొత్త ఏడాదిపై రియల్‌ ఎస్టేట్‌ గంపెడాశలు,https://web.sakshi.com/telugu-news/business/real-estate-set-boom-new-year-2026-2656216,"Sat, 20 Dec 2025 - 17:18",,"Business Sakshi Dec 20, 2025 05:36 PM IST Read Time: 4 mins Share: ఫ్యూచర్‌ సిటీ, మూసీ, మెట్రో విస్తరణ, త్రిబుల్‌ ఆర్‌ వంటి ప్రాజెక్ట్‌లతో ఉత్సాహంప్రాజెక్ట్‌ల కార్యాచరణ మొదలైతే రియల్టీలో జోష్‌ 2025లో.. ఔటర్‌ వరకూ గ్రేటర్‌ పరిధి విస్తరణ.. భారత్‌ ఫ్యూచర్‌ సిటీతో నగరంలో నాలుగో నగరి అవతరణ.. మూసీకి పునరుజ్జీవంతో నైట్‌ ఎకానమీ ఆవిష్కరణ.. మెట్రో విస్తరణ, రీజినల్‌ రింగ్‌ రోడ్‌ల ప్రణాళికలతో కొంగొత్త ఉత్సాహం.. ..హైదరాబాద్‌ ముఖచిత్రాన్ని మార్చే ఈ మెగా ప్రాజెక్ట్‌లకు శ్రీకారం పడింది. ఇక, వీటి కార్యాచరణతో కొత్త ఏడాదిలో నగర స్థిరాస్తి రంగం దూసుకెళ్లడం ఖాయమని నిర్మాణ సంస్థలు ఆశాభావం వ్యక్తం చేస్తున్నాయి. ప్రభ",hyderabad:hyderabad:BODY_CITY,hyderabad,REVIEW_TRANSLATION_UNAVAILABLE,కొత్త ఏడాదిపై రియల్‌ ఎస్టేట్‌ గంపెడాశలు,unclassified,PASS,hyderabad,REVIEW_INSUFFICIENT,UNIQUE,REJECT_INSUFFICIENT,Hyderabad,"Old market-outlook article expressing expectations around several future infrastructure projects rather than a sufficiently current, discrete publishable development event.",Also stale relative to the Task 22 review date.
task22-001,Hindi,Devanagari,Amar Ujala,Delhi,"दिल्ली में गरीब परिवारों को बड़ी सौगात: अब मिलेंगे बड़े घर, सरकार ने EWS फ्लैटों के कमरों का बढ़ाया आकार","दिल्ली में गरीब परिवारों को बड़ी सौगात: अब मिलेंगे बड़े घर, सरकार ने EWS फ्लैटों के कमरों का बढ़ाया आकार",https://www.amarujala.com/delhi-ncr/delhi-government-increases-room-size-of-ews-flats-2026-07-16?src=top-subnav,2026-07-16T10:23:55.000Z,दिल्ली सरकार ने झुग्गी बस्तियों में रहने वाले गरीब परिवारों को बेहतर और सम्मानजनक आवास देने की दिशा में बड़ा कदम उठाया है।,"चार से पांच वर्गमीटर बढ़ाया गया कारपेट एरिया शहरी विकास मंत्री आशीष सूद ने भलस्वा स्थित ईडब्ल्यूएस आवास परियोजना का निरीक्षण कर निर्माण और मरम्मत कार्यों की समीक्षा की। उन्होंने अधिकारियों के साथ फ्लैटों के कमरों, फर्श और नए निर्माण कार्य का जायजा लिया। मंत्री ने बताया कि पहले से बने फ्लैटों का स्वरूप बदलकर उन्हें आधुनिक जरूरतों के अनुरूप तैयार किया जा रहा है। प्रत्येक फ्लैट का कारपेट एरिया कम से कम चार से पांच वर्गमीटर तक बढ़ाया गया है, ताकि परिवारों को रहने के लिए पहले से अधिक जगह मिल सके। उन्होंने कहा कि सरकार का उद्देश्य केवल मकान देना नहीं, बल्कि ऐसा घर देना है जिसमें गरीब परिवार सम्मान औ",,,REVIEW_TRANSLATION_UNAVAILABLE,"दिल्ली में गरीब परिवारों को बड़ी सौगात: अब मिलेंगे बड़े घर, सरकार ने EWS फ्लैटों के कमरों का बढ़ाया आकार",unclassified,PASS,NO_SUPPORTED_CITY_EVIDENCE,REVIEW_INSUFFICIENT,UNIQUE,PUBLISH,Delhi,Delhi government is enlarging/modernizing EWS flats at the Bhalswa housing project; concrete public-housing improvement activity.,Pipeline missed explicit Delhi/Bhalswa evidence.
task22-002,Hindi,Devanagari,Live Hindustan,Delhi,"डीडीए की कर्मजीवी आवास योजना लॉन्च; फ्लैट्स पर 25 फीसदी की छूट, जरूरी बातें","डीडीए की कर्मजीवी आवास योजना लॉन्च; फ्लैट्स पर 25 फीसदी की छूट, जरूरी बातें",https://www.livehindustan.com/ncr/dda-flats-and-housing-scheme-karmjeevi-awas-yojana-launched-25-percent-discount-details-201785061798587.amp.html,2026-07-26T10:53:49.000Z,डीडीए ने 'कर्मजीवी आवास योजना-2026' लॉन्च कर दी है। इसमें 1200 से अधिक रेडी-टू-मूव फ्लैटों पर 25 फीसदी की छूट दी जा रही है। इसका रजिस्ट्रेशन शुरू हो गया है। विस्तृत जानकारी के लिए पढ़ें यह रिपोर्ट…,"राहुल मानव, नई दिल्लीदिल्ली विकास प्राधिकरण यानी डीडीए ने कर्मजीवी आवास योजना-2026 को शुरू कर दिया है। इसके मद्देनजर खरीदार 1200 से अधिक रेडी-टू-मूव फ्लैटों के पंजीकरण शुक्रवार से शुरू हो चुका है। अब तक 200 से अधिक फ्लैट खरीदारों ने ऑनलाइन माध्यम से रजिस्ट्रेशन करा लिया है। इस योजना में आवेदकों के हितों एवं सुविधा को ध्यान में रखते हुए अनेक आकर्षक प्रावधान किए गए हैं। सभी फ्लैट फ्रीहोल्ड आधार पर उपलब्ध कराए जा रहे हैं, जिससे आवंटियों को पूर्ण स्वामित्व अधिकार प्राप्त होंगे।15 अगस्त से बुकिंगइस आवास योजना में पहले आओ पहले पाओ के तहत 15 अगस्त से बुकिंग शुरू होगी। इसमें 25 फीसदी छूट प्रदान की जा ",,,REVIEW_TRANSLATION_UNAVAILABLE,"डीडीए की कर्मजीवी आवास योजना लॉन्च; फ्लैट्स पर 25 फीसदी की छूट, जरूरी बातें",project_development,PASS,NO_SUPPORTED_CITY_EVIDENCE,REVIEW_INSUFFICIENT,UNIQUE,PUBLISH,Delhi,"DDA launched Karmjeevī Awas Yojana 2026 with 1,200+ ready-to-move flats, registration/booking and a 25% discount; concrete authority housing scheme.",Pipeline missed explicit Delhi/New Delhi/DDA evidence.
task22-010,Marathi,Devanagari,Maharashtra Times,Bengaluru,"Housing Society Rules: एकाच सोसायटीतील रहिवाशांना जिम, स्विमिंग पूलसारख्या सुविधा नाकारणे चुकीचे; नवीन घर घेण्यापूर्वी खरेदीखत नक्की तपासा","Housing Society Rules: एकाच सोसायटीतील रहिवाशांना जिम, स्विमिंग पूलसारख्या सुविधा नाकारणे चुकीचे; नवीन घर घेण्यापूर्वी खरेदीखत नक्की तपासा",https://maharashtratimes.com/business/real-estate-news/housing-society-rules-can-flat-owners-prevent-people-from-another-society-from-using-common-facilities/articleshow/133533089.cms,2026-08-26T07:09:26.000Z,"<strong>Housing Society Rules:</strong> बेंगळुरूच्या सोसायटीतील रहिवाशांना एका गृहनिर्माण सुविधांसंबंधी कोर्टाकडून निराशेला सामोरे जावे लागले आहे. विक्री करारामध्ये शेजारच्या सोसायटीला वापराची स्पष्ट परवानगी होती, ही वस्तुस्थिती न्यायालयांनी सातत्याने मान्य केली. ही परिस्थिती सर्व खरेदीदारांनी पुढील कार्यवाही करण्यापूर्वी आपल्या विक्री करारातील अटींचे सखोल पुनरावलोकन करण्याची आवश्यकता अधोरेखित करते.","Property Rules: एकच बिल्डर आहे आणि त्याच्या मालकीच्या जवळपास अनेक गृहनिर्माण सोसायट्या आहेत. अनेकदा एका सोसायटीतील रहिवासी दुसऱ्या सोसायटीच्या कॉमन सुविधा - जसे की क्लबहाऊस, स्विमिंग पूल, रस्ते, पदपथ, जिम आणि एन्ट्री गेट - वापरू लागतात. अशा परिस्थितीत प्रश्न निर्माण होतो की असं करणं कायदेशीर आहे का? आणि फ्लॅट मालक याला आक्षेप घेऊ शकतात का?अशाच एका प्रकरणात अलीकडे कर्नाटक उच्च न्यायालयाने महत्त्वपूर्ण निकाल दिला. कोर्टाने सांगितले की फ्लॅटच्या नोंदणीकृत Sale Deed मध्ये इतर सोसायट्या किंवा प्रकल्पांमधील लोकांकडून सामायिक सुविधांच्या वापराचा उल्लेख असल्यास फ्लॅट मालक या सुविधांवर एकाधिकाराचा दावा",,,REVIEW_TRANSLATION_UNAVAILABLE,"Housing Society Rules: एकाच सोसायटीतील रहिवाशांना जिम, स्विमिंग पूलसारख्या सुविधा नाकारणे चुकीचे; नवीन घर घेण्यापूर्वी खरेदीखत नक्की तपासा",unclassified,PASS,NO_SUPPORTED_CITY_EVIDENCE,REVIEW_INSUFFICIENT,UNIQUE,REJECT_NEGATIVE,Bengaluru,Court dispute over residents' rights to shared housing-society amenities; legal/dispute content rather than positive development news.,
task22-011,Marathi,Devanagari,Maharashtra Times,Navi Mumbai,CIDCO Lottery Stay: मुंबई हायकोर्टाचा सिडकोला दणका! 'पीएमएवाय' योजनेत गरिबांची चेष्टा; 26 हजार घरांच्या सोडतीला स्थगिती,CIDCO Lottery Stay: मुंबई हायकोर्टाचा सिडकोला दणका! 'पीएमएवाय' योजनेत गरिबांची चेष्टा; 26 हजार घरांच्या सोडतीला स्थगिती,https://maharashtratimes.com/maharashtra/mumbai-news/mumbai-high-court-stays-cidco-oct-2024-affortable-housing-lottery-of-26000-flats/articleshow/129817630.cms,2026-03-26T07:18:51.000Z,CIDCO Lottery Stay: पंतप्रधान घरकुल योजनेंतर्गत (पीएमएवाय) अत्यल्प (ईडब्ल्यूएस) व अल्प उत्पन्न गटातील (एलआयजी) नागरिकांसाठी परवडणाऱ्या घरांची सोडत असूनही त्यात 'एलआयजी' च्या उत्पन्नाची कमाल मर्यादा काढून टाकून कोट्यधीशांना पात्रतेच्या चौकटीत आणण्याचा निर्णय राज्य सरकार व सिडकोला भोवला आहे.,"मुंबई : पंतप्रधान घरकुल योजनेंतर्गत (पीएमएवाय) अत्यल्प (ईडब्ल्यूएस) व अल्प उत्पन्न गटातील (एलआयजी) नागरिकांसाठी परवडणाऱ्या घरांची सोडत असूनही त्यात 'एलआयजी' च्या उत्पन्नाची कमाल मर्यादा काढून टाकून कोट्यधीशांना पात्रतेच्या चौकटीत आणण्याचा निर्णय राज्य सरकार व सिडकोला भोवला आहे. 'सहा लाख रुपयांहून अधिक उत्पन्न असलेल्या कोणालाही एलआयजी घरांचे वितरण करू नका आणि अशा लाभार्थ्यांना वितरण पत्र पाठवले असेल त्यांना घरांचा ताबा देऊ नका', असा स्पष्ट अंतरिम आदेश मुंबई उच्च न्यायालयाने बुधवारी सिडकोला दिला. माझी पहिली पसंती सिडकोचे घर या योजनेंतर्गत सिडकोच्या ऑक्टोबर-२०२४मधील सुमारे २६ हजार घरांच्या सोडतीब",,,REVIEW_TRANSLATION_UNAVAILABLE,CIDCO Lottery Stay: मुंबई हायकोर्टाचा सिडकोला दणका! 'पीएमएवाय' योजनेत गरिबांची चेष्टा; 26 हजार घरांच्या सोडतीला स्थगिती,project_development,PASS,NO_SUPPORTED_CITY_EVIDENCE,REVIEW_INSUFFICIENT,UNIQUE,REJECT_NEGATIVE,Navi Mumbai,High Court stayed the CIDCO affordable-housing lottery/distribution; explicit court intervention and stalled housing allocation.,
task22-023,Kannada,Kannada,Vijaya Karnataka,Bangalore,ರಿಯಲ್ ಎಸ್ಟೇಟ್ ಹೂಡಿಕೆ: ಬೆಂಗಳೂರಿನ ಹೊರವಲಯಗಳು ಹೂಡಿಕೆದಾರರನ್ನು ಆಕರ್ಷಿಸುತ್ತಿರುವುದಕ್ಕೆ ಕಾರಣಗಳು ಮತ್ತು ಗಮನಿಸಬೇಕಾದ ಅಂಶಗಳು,ರಿಯಲ್ ಎಸ್ಟೇಟ್ ಹೂಡಿಕೆ: ಬೆಂಗಳೂರಿನ ಹೊರವಲಯಗಳು ಹೂಡಿಕೆದಾರರನ್ನು ಆಕರ್ಷಿಸುತ್ತಿರುವುದಕ್ಕೆ ಕಾರಣಗಳು ಮತ್ತು ಗಮನಿಸಬೇಕಾದ ಅಂಶಗಳು,https://vijaykarnataka.com/real-estate/why-bengaluru-peripheral-areas-attract-real-estate-investors/amp_articleshow/134315676.cms,2026-09-17T15:07:59.000Z,ಬೆಂಗಳೂರಿನ ಹೊರವಲಯ ಈಗ ರಿಯಲ್ ಎಸ್ಟೇಟ್‌ ಹೂಡಿಕೆದಾರರ ಪ್ರಬಲ ಪ್ರದೇಶವಾಗಿ ರೂಪುಗೊಳ್ಳುತ್ತಿದೆ. ಹೀಗೆ ಬೆಂಗಳೂರು ನಗರ ಕೇಂದ್ರದ ಹೊರತಾಗಿ ಹೊರಪದರವು ಹೂಡಿಕೆದಾರರನ್ನು ಸೆಳೆಯಲು ಹಲವು ಕಾರಣಗಳಿವೆ. ಅಂತೆಯೇ ಪೆರಿಫೆರಲ್‌ ಏರಿಯಾಗಳು ರಿಯಲ್‌ ಎಸ್ಟೇಟ್ ಹೂಡಿಕೆದಾರರನ್ನು ಆಕರ್ಷಿಸುತ್ತಿರುವುದಕ್ಕೆ ಕಾರಣವಾಗುವ ಕೆಲವೊಂದು ಅಂಶಗಳನ್ನು ಈ ಲೇಖನದಲ್ಲಿ ನೀಡಲಾಗಿದೆ.,"ಬೆಂಗಳೂರಿನಲ್ಲಿ ರಿಯಲ್‌ ಎಸ್ಟೇಟ್ ವಲಯ ಏರುಗತಿಯಲ್ಲಿ ಸಾಗುತ್ತಿದೆ. ಹೊಸತನ, ಹೊಸ ಸೌಕರ್ಯಗಳು, ವಿವಿಧ ವಸತಿ ಯೋಜನೆಗಳು, ಅಪಾರ್ಟ್‌ಮೆಂಟ್‌ಗಳು, ವಾಣಿಜ್ಯ ಕಟ್ಟಡಗಳು ಹೀಗೆ ಸಾಕಷ್ಟು ವಿಷಯಗಳು ಹೂಡಿಕೆದಾರರನ್ನು ಇಲ್ಲಿ ಆಕರ್ಷಿಸುತ್ತಲೇ ಇದೆ.ಅದರಲ್ಲೂ ನಗರೀಕರಣ, ಔದ್ಯೋಗಿಕ ಪ್ರಗತಿ ಹೀಗೆ ನಾನಾ ಕಾರಣಗಳಿಂದ ಈಗ ಬೆಂಗಳೂರು ನಗರದ ವ್ಯಾಪ್ತಿಯೂ ವಿಸ್ತರಣೆಯಾಗುತ್ತಿದೆ. ಬರೀ ಅಷ್ಟೇ ಅಲ್ಲ ಬೆಂಗಳೂರು ನಗರ ಕೇಂದ್ರದಿಂದ ಆಚೆಗೆ ಅಂದರೆ ಬೆಂಗಳೂರಿನ ಹೊರವಲಯದಲ್ಲಿ ರಿಯಲ್ ಎಸ್ಟೇಟ್ ಹೂಡಿಕೆ ವ್ಯಾಪಕವಾಗಿ ಏರುಮಟ್ಟದಲ್ಲಿ ಸಾಗುತ್ತಿದೆ. ಇದಕ್ಕೆ ಸಾಕ್ಷಿ ಎಂಬಂತೆ ಇತ್ತೀಚಿನ ವರ್ಷಗಳಲ್ಲಿ ಬೆಂಗಳೂರು ಹೊರವಲಯದ ಪ್ರದೇಶಗಳು ರಿಯಲ್ ಎಸ್ಟೇಟ್ ಹೂಡಿಕೆದಾರರನ್ನು ಬಹುವಾಗಿ ಆಕರ್ಷಿಸುತ್ತಿವೆ.ಕಾರಣಗಳೇನು...? : ಬೆಂಗಳೂರಿನ ಹೊರವಲಯಗಳು ರಿಯಲ್‌ ಎಸ್ಟೇಟ್ ಹೂ",,,REVIEW_TRANSLATION_UNAVAILABLE,ರಿಯಲ್ ಎಸ್ಟೇಟ್ ಹೂಡಿಕೆ: ಬೆಂಗಳೂರಿನ ಹೊರವಲಯಗಳು ಹೂಡಿಕೆದಾರರನ್ನು ಆಕರ್ಷಿಸುತ್ತಿರುವುದಕ್ಕೆ ಕಾರಣಗಳು ಮತ್ತು ಗಮನಿಸಬೇಕಾದ ಅಂಶಗಳು,project_development,PASS,NO_SUPPORTED_CITY_EVIDENCE,REVIEW_INSUFFICIENT,UNIQUE,REJECT_INSUFFICIENT,Bengaluru,"General investment/advice article about why Bengaluru peripheral areas attract investors; no sufficiently specific new project, approval, transaction or development event.",
task22-024,Kannada,Kannada,Vijaya Karnataka,Bangalore,ರಾಜ್ಯ ಸರ್ಕಾರ ಭೂ ಗ್ಯಾರಂಟಿ ಘೋಷಣೆ: ಬೆಂಗಳೂರಿನಲ್ಲಿ B ಖಾತಾದಿಂದ A ಖಾತಾ ಪರಿವರ್ತನೆಗೆ ಅವಕಾಶ; ಏನೆಲ್ಲಾ ನಿಯಮ?,ರಾಜ್ಯ ಸರ್ಕಾರ ಭೂ ಗ್ಯಾರಂಟಿ ಘೋಷಣೆ: ಬೆಂಗಳೂರಿನಲ್ಲಿ B ಖಾತಾದಿಂದ A ಖಾತಾ ಪರಿವರ್ತನೆಗೆ ಅವಕಾಶ; ಏನೆಲ್ಲಾ ನಿಯಮ?,https://vijaykarnataka.com/news/bengaluru-city/conversion-from-b-khata-to-a-khata-allowed-in-bengaluru-state-government-announces-land-guarantee-what-are-the-rules/amp_articleshow/131061086.cms,2026-05-13T09:48:23.000Z,"​​ ಬೆಂಗಳೂರಿನ ಆಸ್ತಿ ಮಾಲೀಕರಿಗೆ ರಾಜ್ಯ ಸರ್ಕಾರವು ಸಿಹಿಸುದ್ದಿ ನೀಡಿದ್ದು, ಆಸ್ತಿ ದಾಖಲೆಗಳನ್ನು ಸಂಪೂರ್ಣ ಡಿಜಿಟಲೀಕರಣಗೊಳಿಸುವ ಐತಿಹಾಸಿಕ ""ಭೂ ಗ್ಯಾರಂಟಿ"" ಯೋಜನೆಯನ್ನು ಘೋಷಿಸಿದೆ. ಇದರ ಜೊತೆಗೆ ಕಟ್ಟಡ ನಿರ್ಮಾಣ ನಿಯಮ ಉಲ್ಲಂಘನೆ ಮಿತಿಯನ್ನು ಶೇ.5 ರಿಂದ ಶೇ.15ಕ್ಕೆ ಹೆಚ್ಚಿಸುವ ಮೂಲಕ ಲಕ್ಷಾಂತರ ಆಸ್ತಿ ಮಾಲೀಕರಿಗೆ ಎದುರಾಗಿದ್ದ ಒಸಿ ಸಮಸ್ಯೆ ತಗ್ಗಿಸಿದೆ. ಬಿ ಖಾತಾದಿಂದ ಎ ಖಾತಾ ಬದಲಾವಣೆ ದಂಡವಾಗಿ ಆಸ್ತಿ ಗೈಡೆನ್ಸ್‌ ವ್ಯಾಲ್ಯೂ ಶೇ 2 ಕ್ಕೆ ಇಳಿಕೆ ಮಾಡಲಾಗಿದೆ. ಈ ಬಗ್ಗೆ ಡಿಕೆ ಶಿವಕುಮಾರ್ ಮಾಹಿತಿ ನೀಡಿದ್ದಾರೆ.","ಬೆಂಗಳೂರು: ಕರ್ನಾಟಕ ಸರ್ಕಾರವು ಬೆಂಗಳೂರಿನ ಜನರಿಗೆ 6 ನೇ ಗ್ಯಾರಂಟಿಯಾಗಿ ಭೂ ಗ್ಯಾರಂಟಿ ಘೋಷಣೆ ಮಾಡಿದೆ. ಇದರಲ್ಲಿ ಮೂರು ಸೌಲಭ್ಯಗಳನ್ನು ನೀಡಿದ್ದು, ಪ್ರಮುಖವಾಗಿ, ದಂಡವಾಗಿ ಗೈಡೆನ್ಸ್‌ ವ್ಯಾಲ್ಯೂ ಶೇಕಡಾ 2 ರಷ್ಟು ಪಾವತಿಸಿ ಬಿ ಖಾತಾಯಿಂದ ಎ ಖಾತಾಗೆ ಪರಿವರ್ತನೆಗೆ ಅವಕಾಶ ಮಾಡಿಕೊಡಲಾಗಿದೆ. ಈ ಮೂಲಕ ಅಕ್ರಮ ಆಸ್ತಿಯನ್ನು ಸಕ್ರಮ ಮಾಡಿಕೊಳ್ಳಬಹುದು.ಈ ಬಗ್ಗೆ ಸುದ್ದಿಗೋಷ್ಠಿ ನಡೆಸಿ ಮಾಹಿತಿ ನೀಡಿದ ಬೆಂಗಳೂರು ನಗರಾಭಿವೃದ್ಧಿ ಸಚಿವ, ಡಿಸಿಎಂ ಡಿಕೆ ಶಿವಕುಮಾರ್ ಅವರು, "" ಬೆಂಗಳೂರಿನಲ್ಲಿ 23 ಲಕ್ಷ ಆಸ್ತಿ ಪೈಕಿ ಪೈಕಿ 16 ಲಕ್ಷ ಆಸ್ತಿಗಳು ಎ ಖಾತಾ ಹಾಗೂ 7 ಲಕ್ಷ ಬಿ ಖಾತಾ ಇದೆ. ಬಿ ಖಾತಾ ಹೊಂದಿರುವವರಿಗೆ ಬ್ಯಾಂಕ್ ಸಾಲ, ಮಾರಾಟ ಸೇರಿದಂತೆ ಇತರೆ ಕಾರ್ಯಕ್ಕೆ ತೊಡಕಾಗುತ್ತಿದೆ. ಹೀಗಾಗಿ, ಬಿ ಖಾತಾಗಳನ್ನು ಎ ಖಾತಾ ಮಾಡಿಕೊಳ್ಳಲು ಅವಕಾಶ ನೀಡಲ",,,REVIEW_TRANSLATION_UNAVAILABLE,ರಾಜ್ಯ ಸರ್ಕಾರ ಭೂ ಗ್ಯಾರಂಟಿ ಘೋಷಣೆ: ಬೆಂಗಳೂರಿನಲ್ಲಿ B ಖಾತಾದಿಂದ A ಖಾತಾ ಪರಿವರ್ತನೆಗೆ ಅವಕಾಶ; ಏನೆಲ್ಲಾ ನಿಯಮ?,project_development,PASS,NO_SUPPORTED_CITY_EVIDENCE,REVIEW_INSUFFICIENT,UNIQUE,PUBLISH,Bengaluru,Karnataka government announced a Bengaluru-specific property-record/regularisation policy allowing B-khata to A-khata conversion with defined terms; concrete property-regulation event.,
task22-025,Kannada,Kannada,Vijaya Karnataka,Bangalore,‘ಬೆಂಗಳೂರು ಸುತ್ತಮುತ್ತಲಿನ ಜಮೀನು ರಿಯಲ್ ಎಸ್ಟೇಟ್‌ಗಲ್ಲ’: ಟೌನ್‌ಶಿಪ್ ವಿರುದ್ಧ ಸದನದಲ್ಲಿ ರೈತರ ಪರ ಗುಡುಗಿದ್ದ ಡಿಕೆಶಿ! ಇಲ್ಲಿದೆ Exclusive ದಾಖಲೆ,‘ಬೆಂಗಳೂರು ಸುತ್ತಮುತ್ತಲಿನ ಜಮೀನು ರಿಯಲ್ ಎಸ್ಟೇಟ್‌ಗಲ್ಲ’: ಟೌನ್‌ಶಿಪ್ ವಿರುದ್ಧ ಸದನದಲ್ಲಿ ರೈತರ ಪರ ಗುಡುಗಿದ್ದ ಡಿಕೆಶಿ! ಇಲ್ಲಿದೆ Exclusive ದಾಖಲೆ,https://vijaykarnataka.com/news/karnataka/land-around-bengaluru-is-not-for-real-estate-dk-shivakumar-speech-in-assembly-session-regarding-bidadi-township/articleshow/131923172.cms,2026-06-23T02:49:50.000Z,"ಎಸ್‌ ಇ ಜೆಡ್ ಆಗಬೇಕಾದರೆ, ಹೊರಗಡೆಯಾಗಬೇಕು. ಬೆಂಗಳೂರು ಸುತ್ತಮುತ್ತ ಇರುವಂಥ ಜಮೀನು ರಿಯಲ್ ಎಸ್ಟೇಟ್ ವ್ಯಾಪಾರಕ್ಕಲ್ಲ. ರಸ್ತೆ ಅಥವಾ ಏನೋ ಒಂದು ಉತ್ತಮವಾದಂಥ ಕೆಲಸಕ್ಕಿದ್ದರೆ, ರೈತ ತಲೆಬಾಗುತ್ತಾನೆ. ಆದರೆ, ತನ್ನ ಜಮೀನನ್ನು ಬಲವಂತವಾಗಿ ತೆಗೆದುಕೊಳ್ಳುವುದು ಎಂದರೆ, ಈ ಪ್ರದೇಶವನ್ನು ಭೂಸ್ವಾಧೀನ ಮಾಡಿದಂಥ ಸಂದರ್ಭದಲ್ಲಿ, ಒಂದು ಹಳ್ಳಿಯನ್ನು ಘೋಷಣೆ ಮಾಡುವಂಥ ಸಂದರ್ಭದಲ್ಲಿ ಸಾತನೂರು ಹಳ್ಳಿಗಳು, ರಾಮನಗರವೋ, ಸೋಲೂರೋ, ಮತ್ತೊಂದೋ ಮಾಡುವಂಥ ಸಂದರ್ಭದಲ್ಲಿ ಮಾರನೇ ಬೆಳಿಗ್ಗೆಯೇ ನಮ್ಮ ಎಲ್ಲ ಸ್ನೇಹಿತರು, ಏಜೆಂಟರು ಅಲ್ಲಿಗೆ ಹೊರಟು ಬಿಡುತ್ತಾರೆ ಎಂದು ಡಿಕೆ ಶಿವಕುಮಾರ್ ಸದನದಲ್ಲಿ ಉಲ್ಲೇಖ ಮಾಡಿದ್ದರು.","ಬೆಂಗಳೂರು: ಬಿಡದಿ ಟೌನ್ ಶಿಪ್ ವಿಚಾರ ಇದೀಗ ಆಡಳಿತ - ವಿಪಕ್ಷಗಳ ನಡುವೆ ಭಾರೀ ಚರ್ಚೆಗೆ ಗ್ರಾಸವಾಗುತ್ತಿದೆ, ಬಿಡದಿ ಎಚ್ ಡಿ ಕುಮಾರಸ್ವಾಮಿ ಅವರ ‘ಕನಸಿನ ಕೂಸು’ ಎಂದು ಸಿಎಂ ಡಿಕೆ ಶಿವಕುಮಾರ್ ಆರೋಪ ಮಾಡುತ್ತಿದ್ದಾರೆ. ಆದರೆ, ಬೆಂಗಳೂರಿನ ಸುತ್ತ ಮುತ್ತ ರಿಯಲ್ ಎಸ್ಟೇಟ್ ದಂಧೆಗಾಗಿ ಬಿಡದಿ ಟೌನ್ ಶಿಪ್ ಮಾಡಲಾಗಿತ್ತಿದೆ ಎಂದು ಕುಮಾರಸ್ವಾಮಿ ಆರೋಪ ಮಾಡುತ್ತಿದ್ದಾರೆ. ಇದೀಗ ಪರಸ್ಪರ ಉಭಯ ನಾಯಕರು ಪಂಥಾಹ್ವಾನ ನೀಡಿದ್ದಾರೆ. ಇಷ್ಟೆಲ್ಲಾ ಬೆಳವಣಿಗೆ ನಡುವೆ ಟೌನ್ ಶಿಪ್ ಗಾಗಿ ರೈತರ ಭೂಮಿಯನ್ನು ವಶಕ್ಕೆ ಪಡೆದುಕೊಳ್ಳುವ ಬಗ್ಗೆ ಸಿಎಂ ಡಿಕೆ ಶಿವಕುಮಾರ್ ಅವರ ನಿಲುವು ಏನಾಗಿತ್ತು ಎಂಬ ಕುತೂಹಲವೂ ಇದೆ. ಸಿದ್ದರಾಮಯ್ಯ ರಾಜೀನಾಮೆ ಬಳಿಕ ಕಾಂಗ್ರೆಸ್‌ನಲ್ಲಿ ಆಗಿದ್ದೇನು? ಡಿಕೆ ಶಿವಕುಮಾರ್‌ ಮುಂದಿರುವ ಸವಾಲುಗಳೇನು?2007, ಜುಲೈ 31 ರಂದು ವಿಧಾನಸಭೆಯಲ",,,REVIEW_TRANSLATION_UNAVAILABLE,‘ಬೆಂಗಳೂರು ಸುತ್ತಮುತ್ತಲಿನ ಜಮೀನು ರಿಯಲ್ ಎಸ್ಟೇಟ್‌ಗಲ್ಲ’: ಟೌನ್‌ಶಿಪ್ ವಿರುದ್ಧ ಸದನದಲ್ಲಿ ರೈತರ ಪರ ಗುಡುಗಿದ್ದ ಡಿಕೆಶಿ! ಇಲ್ಲಿದೆ Exclusive ದಾಖಲೆ,project_development,PASS,NO_SUPPORTED_CITY_EVIDENCE,REVIEW_INSUFFICIENT,UNIQUE,REJECT_NEGATIVE,Bengaluru,"Political dispute and farmer/land-acquisition opposition around Bidadi township, including allegations about real-estate use; adverse/disputed context.",
task22-026,Tamil,Tamil,Dinamalar,Chennai,"நான்கு மாதங்களில் 1,490 பேருக்கு விற்பனை பத்திரம்: வீட்டுவசதி வாரியம்","நான்கு மாதங்களில் 1,490 பேருக்கு விற்பனை பத்திரம்: வீட்டுவசதி வாரியம்",https://l-www.dinamalar.com/news/tamil-nadu-news/sale-deed-to-1490-people-in-four-months-housing-board/4315918,2026-09-06T17:31:00.000Z,"சென்னை: வீட்டுவசதி வாரிய திட்டங்களில், தவணைத் தொகையை முழுமையாக செலுத்தியவர்களில், 1,490 பேருக்கு, கடந்த நான்கு","உள்ளடக்கத்திற்கு செல்ல தினமலர் சினிமா டிவி Podcast iPaper கோயில்கள் புத்தகங்கள் Subscription திருக்குறள் கடல் தாமரைதினமலர்சினிமாடிவிPodcastiPaperகோயில்கள்புத்தகங்கள்Subscriptionதிருக்குறள்கடல் தாமரை/செய்திகள்/தமிழகம்/ நான்கு மாதங்களில் 1,490 பேருக்கு விற்பனை பத்திரம்: வீட்டுவசதி வாரியம் நான்கு மாதங்களில் 1,490 பேருக்கு விற்பனை பத்திரம்: வீட்டுவசதி வாரியம் நான்கு மாதங்களில் 1,490 பேருக்கு விற்பனை பத்திரம்: வீட்டுவசதி வாரியம்ADDED : செப் 06, 2026 11:01 PM Follow on GoogleFavourite on Google Focus ADDED : செப் 06, 2026 11:01 PM Follow on Googleஅ நிறம் | அளவு-அ+அசென்னை: வீட்டுவசதி வாரிய திட்டங்களி",,,REVIEW_TRANSLATION_UNAVAILABLE,"நான்கு மாதங்களில் 1,490 பேருக்கு விற்பனை பத்திரம்: வீட்டுவசதி வாரியம்",unclassified,PASS,NO_SUPPORTED_CITY_EVIDENCE,REVIEW_INSUFFICIENT,UNIQUE,REJECT_INSUFFICIENT,,"Housing Board sale-deed milestone is property-relevant, but the available evidence only gives a Chennai dateline and does not establish that the 1,490 beneficiaries/projects are Chennai-specific.",Do not route statewide Housing Board activity to Chennai from dateline alone.
task22-056,Hindi/Marathi (unresolved),Latin,www.anandabazar.com,,"খদ্দের নেই, পড়েই আছে নতুন ফ্ল্যাট! দেশের বড় ৯ শহরে আবাসন বিক্রিতে ছ’শতাংশ পতন, কী দশা কলকাতার?","খদ্দের নেই, পড়েই আছে নতুন ফ্ল্যাট! দেশের বড় 9 শহরে আবাসন বিক্রিতে ছ’শতাংশ পতন, কী দশা কলকাতার?",https://www.anandabazar.com/business/housing-sales-across-indias-top-nine-cities-fell-6-percent-where-kolkata-stands-dgtl/cid/1715823,2026-09-27T08:46:48.000Z,"চলতি বছরের জুলাই থেকে সেপ্টেম্বরের মধ্যে কতটা চাঙ্গা রয়েছে দেশের আবাসন ব্যবসা? সম্প্রতি, অনলাইন প্ল্যাটফর্ম ‘প্রপইক্যুইটি’ এই সংক্রান্ত একটি রিপোর্ট প্রকাশ করতেই রিয়েল এস্টেটের বাজারে পড়েছে শোরগোল।","আবাসন ব্যবসায় মন্দা! লাফিয়ে লাফিয়ে কমছে বাড়ি ও ফ্ল্যাটের বিক্রি। এই বিষয়ে এ বার তথ্য প্রকাশ করল রিয়েল এস্টেট তথ্য বিশ্লেষণকারী অনলাইন প্ল্যাটফর্ম ‘প্রপইক্যুইটি’। তাদের দাবি, চলতি আর্থিক বছরের (পড়ুন, ২০২৬-’২৭) দ্বিতীয় ত্রৈমাসিকে (জুলাই থেকে সেপ্টেম্বর) দেশের শীর্ষ ন’টি শহরে আবাসন কেনার সূচকে দেখা গিয়েছে ছয় শতাংশের পতন। তাৎপর্যপূর্ণ বিষয় হল, সেই তালিকায় নাম আছে কলকাতার। প্রপইক্যুইটির দেওয়া তথ্য অনুযায়ী, এ বছরের জুলাই থেকে সেপ্টেম্বরের মধ্যে দেশের নয় শীর্ষ শহরে বাড়ি ও ফ্ল্যাট মিলিয়ে বিক্রি হয়েছে আবাসনের ১.০৩ লক্ষ ইউনিট। শুধু তা-ই নয়, চাহিদা হ্রাস পাওয়ায় নতুন প্রকল্প শুরু করতেই চাইছে না বহু রিয়",,,REVIEW_TRANSLATION_UNAVAILABLE,"খদ্দের নেই, পড়েই আছে নতুন ফ্ল্যাট! দেশের বড় 9 শহরে আবাসন বিক্রিতে ছ’শতাংশ পতন, কী দশা কলকাতার?",project_development,PASS,NO_SUPPORTED_CITY_EVIDENCE,REVIEW_INSUFFICIENT,UNIQUE,REJECT_NEGATIVE,Kolkata,Bengali market report says housing sales fell 6% across major cities and discusses Kolkata amid weakening demand/new launches; adverse market context.,Language is Bengali; source LANGUAGE field is misclassified as Hindi/Marathi unresolved.
task22-057,Hindi/Marathi (unresolved),Latin,www.anandabazar.com,,পূর্ণ মালিকানায় নয়া ফ্ল্যাট দেবে সরকার,পূর্ণ মালিকানায় নয়া ফ্ল্যাট দেবে সরকার,https://www.anandabazar.com/west-bengal/government-will-provide-new-flats-with-full-ownership-prnt/cid/1710882,2026-09-05T02:05:34.000Z,"সরকার জানিয়েছে, আগে একাধিক সরকারি ফ্ল্যাট দীর্ঘমেয়াদি লিজ়ের ভিত্তিতে দেওয়া হত। এখন সেই নীতির বদল হবে। সরকার এখন মালিকানার ভিত্তিতে ফ্ল্যাট দেওয়ার ব্যাপারে উৎসাহ দেবে।","প্রায় সাড়ে তিন হাজার নতুন ফ্ল্যাট তৈরির সিদ্ধান্ত নিল আবাসন দফতর। শুক্রবার মন্ত্রী দীপক বর্মণ জানান, পুরনো এবং প্রস্তাবিত একাধিক আবাসন প্রকল্প যেমন নতুন করে শুরু করা হবে রাজ্যের বিভিন্ন প্রান্তে, তেমনই এ বার থেকে লিজ়ের বদলে পুরোপুরি মালিকানা দেওয়ার পথে হাঁটবে রাজ্য সরকার। এ দিন সরকার জানিয়েছে, নিম্নবিত্ত, মধ্যবিত্ত এবং উচ্চবিত্তদের (এলআইজি, এমআইজি এবং এইচআইজি) জন্য আবাসন তৈরি হবে। আগের দর মতোই এলআইজি গোত্রের ক্ষেত্রে প্রতি বর্গফুট (কার্পেট এলাকা) সাড়ে চার হাজার টাকা দরে দেওয়া হবে। বাজারদরের তুলনায় যা বেশ কম। এমআইজির ক্ষেত্রেও আগের দরের কোনও পরিবর্তন হচ্ছে না। এলাকা বা ভবনের বিশেষত্ব অনুযায়ী",,,REVIEW_TRANSLATION_UNAVAILABLE,পূর্ণ মালিকানায় নয়া ফ্ল্যাট দেবে সরকার,unclassified,PASS,NO_SUPPORTED_CITY_EVIDENCE,REVIEW_INSUFFICIENT,UNIQUE,REJECT_INSUFFICIENT,,"West Bengal government plans roughly 3,500 flats across multiple parts of the state, but the supplied evidence does not identify a defensible supported city for routing.",Language is Bengali; do not force statewide housing policy into Kolkata without city evidence.
