source,url,original24,listingsFetched,discovered,readable,current,regional,positive,negative,offtopic,insufficient,geoMatched,review,regionalOnly,duplicates,wouldPublish,technicalFailures,decision
realty.economictimes.indiatimes.com,https://realty.economictimes.indiatimes.com/tag/gurugram,true,1,4,0,0,0,0,0,0,0,0,0,0,0,0,0,REVIEW
torbitrealty.com,https://torbitrealty.com/category/news/city-updates/gurugram/,true,1,4,0,0,0,0,0,0,0,0,0,0,0,0,0,REVIEW
realty.economictimes.indiatimes.com,https://realty.economictimes.indiatimes.com/tag/faridabad,true,1,4,0,0,0,0,0,0,0,0,0,0,0,0,0,REVIEW
realty.economictimes.indiatimes.com,https://realty.economictimes.indiatimes.com/tag/noida,true,1,4,0,0,0,0,0,0,0,0,0,0,0,0,0,REVIEW
realty.economictimes.indiatimes.com,https://realty.economictimes.indiatimes.com/tag/greater%2Bnoida,true,1,4,0,0,0,0,0,0,0,0,0,0,0,0,0,REVIEW
realty.economictimes.indiatimes.com,https://realty.economictimes.indiatimes.com/amp/tag/greater%2Bnoida,true,1,4,0,0,0,0,0,0,0,0,0,0,0,0,0,REVIEW
realty.economictimes.indiatimes.com,https://realty.economictimes.indiatimes.com/tag/jewar,true,1,4,0,0,0,0,0,0,0,0,0,0,0,0,0,REVIEW
realty.economictimes.indiatimes.com,https://realty.economictimes.indiatimes.com/tag/yamuna%2Bexpressway,true,1,4,0,0,0,0,0,0,0,0,0,0,0,0,0,REVIEW
realty.economictimes.indiatimes.com,https://realty.economictimes.indiatimes.com/tag/noida%2Bairport,true,1,4,0,0,0,0,0,0,0,0,0,0,0,0,0,REVIEW
realty.economictimes.indiatimes.com,https://realty.economictimes.indiatimes.com/tag/noida%2Bauthority,true,1,4,0,0,0,0,0,0,0,0,0,0,0,0,0,REVIEW
realty.economictimes.indiatimes.com,https://realty.economictimes.indiatimes.com/tag/greater%2Bnoida%2Bauthority,true,1,4,0,0,0,0,0,0,0,0,0,0,0,0,0,REVIEW
realty.economictimes.indiatimes.com,https://realty.economictimes.indiatimes.com/tag/yeida,true,1,4,0,0,0,0,0,0,0,0,0,0,0,0,0,REVIEW
realty.economictimes.indiatimes.com,https://realty.economictimes.indiatimes.com/rss/residential,true,1,0,0,0,0,0,0,0,0,0,0,0,0,0,0,REJECT
realty.economictimes.indiatimes.com,https://realty.economictimes.indiatimes.com/rss/commercial,true,1,0,0,0,0,0,0,0,0,0,0,0,0,0,0,REJECT
realty.economictimes.indiatimes.com,https://realty.economictimes.indiatimes.com/rss/infrastructure,true,1,0,0,0,0,0,0,0,0,0,0,0,0,0,0,REJECT
realty.economictimes.indiatimes.com,https://realty.economictimes.indiatimes.com/rss/industry,true,1,0,0,0,0,0,0,0,0,0,0,0,0,0,0,REJECT
realty.economictimes.indiatimes.com,https://realty.economictimes.indiatimes.com/rss/regulatory,true,1,0,0,0,0,0,0,0,0,0,0,0,0,0,0,REJECT
www.hindustantimes.com,https://www.hindustantimes.com/topic/noida-authority/news,true,1,4,0,0,0,0,0,0,0,0,0,0,0,0,0,REVIEW
www.hindustantimes.com,https://www.hindustantimes.com/topic/greater-noida-authority/news,true,1,4,0,0,0,0,0,0,0,0,0,0,0,0,0,REVIEW
www.hindustantimes.com,https://www.hindustantimes.com/topic/yamuna-expressway/news,true,1,4,0,0,0,0,0,0,0,0,0,0,0,0,0,REVIEW
www.hindustantimes.com,https://www.hindustantimes.com/topic/jewar-airport/news,true,1,4,0,0,0,0,0,0,0,0,0,0,0,0,0,REVIEW
www.niairport.in,https://www.niairport.in/en/company/news/overview/news-overview,true,1,4,0,0,0,0,0,0,0,0,0,0,0,0,0,REVIEW
www.yamunaexpresswayauthority.com,https://www.yamunaexpresswayauthority.com/web/,true,1,4,0,0,0,0,0,0,0,0,0,0,0,0,0,REVIEW
www.yamunaexpresswayauthority.com,https://www.yamunaexpresswayauthority.com/web/announcement/,true,1,4,0,0,0,0,0,0,0,0,0,0,0,0,0,REVIEW
Amar Ujala,https://www.amarujala.com/delhi-ncr/delhi-government-increases-room-size-of-ews-flats-2026-07-16?src=top-subnav,false,0,0,0,1,1,1,0,0,1,0,1,0,0,0,0,REJECT
Live Hindustan,https://www.livehindustan.com/ncr/dda-flats-and-housing-scheme-karmjeevi-awas-yojana-launched-25-percent-discount-details-201785061798587.amp.html,false,0,0,0,1,1,1,0,0,1,0,1,0,0,0,0,REJECT
Live Hindustan,https://www.livehindustan.com/ncr/dda-flats-new-awas-yojana-know-when-will-be-registration-know-time-and-price-201790770774465.html,false,0,0,0,1,1,1,0,0,1,1,1,0,0,0,0,REJECT
Amar Ujala,https://www.amarujala.com/delhi-ncr/dda-scheme-over-25-discount-on-more-than-1-200-flats-in-delhi-bookings-to-start-from-august-15-2026-07-23?src=story-related-auto-amp,false,0,0,1,1,1,1,0,0,1,0,1,0,0,0,0,REVIEW
Live Hindustan,https://preprod.livehindustan.com/ncr/gaur-group-launches-gaurs-alaris-project-on-yamuna-expressway-1088-flats-1900-crore-revenue-201785836985277.html,false,0,0,1,1,1,1,0,0,0,1,1,0,0,0,0,PROMOTE
Amar Ujala,https://www.amarujala.com/delhi-ncr/delhi-master-plan-2047-features-employment-centric-housing-policy-workers-to-get-affordable-homes-2026-08-22?src=story-related-auto-amp,false,0,0,1,1,1,1,0,0,0,1,1,0,0,0,0,PROMOTE
Amar Ujala,https://www.amarujala.com/delhi/delhi-crime-news-11-year-old-girl-found-dead-after-abduction-in-delhi-accused-arrested-2026-06-25,false,0,0,0,1,1,0,1,1,1,1,0,0,0,0,0,REJECT
Loksatta,https://www.loksatta.com/explained/pune-housing-sector-crisis-ready-mix-concrete-rmc-plant-strike-impact-print-exp-zws-70-5880472/,false,0,0,0,0,1,0,1,0,1,1,0,0,0,0,0,REJECT
Maharashtra Times,https://maharashtratimes.com/maharashtra/pune-news/mhada-pune-lottery-2026-for-634-houses-in-tathawade-income-criteria-relaxed/articleshow/132529190.cms,false,0,0,0,1,1,1,0,0,1,1,1,0,0,0,0,REJECT
Maharashtra Times,https://maharashtratimes.com/business/real-estate-news/housing-society-rules-can-flat-owners-prevent-people-from-another-society-from-using-common-facilities/articleshow/133533089.cms,false,0,0,0,1,1,0,0,0,1,0,1,0,0,0,0,REJECT
Maharashtra Times,https://maharashtratimes.com/maharashtra/mumbai-news/mumbai-high-court-stays-cidco-oct-2024-affortable-housing-lottery-of-26000-flats/articleshow/129817630.cms,false,0,0,0,0,1,0,1,0,1,0,1,0,0,0,0,REJECT
Maharashtra Times,https://maharashtratimes.com/maharashtra/mumbai-news/maharashtra-housing-society-new-rules-online-agm-51-percent-redevelopment/articleshow/131293296.cms,false,0,0,0,0,1,1,0,0,1,1,1,0,0,0,0,REJECT
Loksatta,https://www.loksatta.com/pune/pune-maharera-flat-possession-delayed-by-four-months-west-asia-war-pune-print-news-asj-82-6126732/,false,0,0,0,1,1,0,1,0,1,1,0,0,0,0,0,REJECT
Manorama Online,https://www.manoramaonline.com/homestyle/nest/2026/08/03/book-your-dreamhome-at-credai-property-expo-kochi.html,false,0,0,0,1,1,1,0,0,1,1,1,0,0,0,0,REJECT
Manorama Online,https://www.manoramaonline/district-news/ernakulam/2026/09/18/marine-eco-city-project-faces-delays-amidst-private-developer-push.html,false,0,0,0,0,1,0,0,0,1,1,1,0,0,0,0,REJECT
Manorama Online,https://www.manoramaonline/homestyle/nest/2026/05/04/k-rera-real-estate-regulations-investment-kerala.html,false,0,0,0,0,1,0,0,0,1,0,1,0,0,0,0,REJECT
Manorama Online,https://www.manoramaonline/homestyle/nest/2026/06/19/new-flat-under-construction-flat-or-resale-flat-better.html,false,0,0,0,0,1,0,0,0,1,0,1,0,0,0,0,REJECT
Manorama Online,https://www.manoramaonline/homestyle/nest/2026/07/07/salary-lag-behing-house-prices-in-metro-crisis.html,false,0,0,0,0,1,0,0,0,1,0,1,0,0,0,0,REJECT
Sakshi,https://cms.sakshi.com/telugu-news/business/hyderabad-new-building-rules-cure-act-green-buildings-construction-norms,false,0,0,0,0,1,1,0,0,1,1,1,0,0,0,0,REJECT
Sakshi,https://cms.sakshi.com/telugu-news/telangana/hmda-inmulnarva-plots-sale-affordable-residential-plots-hyderabad-2880116,false,0,0,0,0,1,1,0,0,1,1,1,0,0,0,0,REJECT
Sakshi,https://cms.sakshi.com/telugu-news/telangana/kokapet-hmda-plans-sell-90-acres-after-it-sez-denotification-2849938,false,0,0,0,0,1,1,0,0,1,1,1,0,0,0,0,REJECT
Sakshi,https://cms.sakshi.com/telugu-news/telangana/hyderabad-indiramma-houses-construction-begins-today-2872490,false,0,0,0,0,1,1,0,0,1,1,1,0,0,0,0,REJECT
Vijaya Karnataka,https://vijaykarnataka.com/real-estate/why-bengaluru-peripheral-areas-attract-real-estate-investors/amp_articleshow/134315676.cms,false,0,0,0,1,1,0,1,0,1,0,1,0,0,0,0,REJECT
Vijaya Karnataka,https://vijaykarnataka.com/news/bengaluru-city/conversion-from-b-khata-to-a-khata-allowed-in-bengaluru-state-government-announces-land-guarantee-what-are-the-rules/amp_articleshow/131061086.cms,false,0,0,0,0,1,0,1,0,1,0,1,0,0,0,0,REJECT
Vijaya Karnataka,https://vijaykarnataka.com/news/karnataka/land-around-bengaluru-is-not-for-real-estate-dk-shivakumar-speech-in-assembly-session-regarding-bidadi-township/articleshow/131923172.cms,false,0,0,0,1,1,1,0,0,1,0,1,0,0,0,0,REJECT
Dinamalar,https://l-www.dinamalar.com/news/tamil-nadu-news/sale-deed-to-1490-people-in-four-months-housing-board/4315918,false,0,0,0,1,1,1,0,0,1,0,1,0,0,0,0,REJECT
Sakshi,https://web.sakshi.com/telugu-news/business/real-estate-set-boom-new-year-2026-2656216,false,0,0,0,0,1,1,0,0,1,1,1,0,0,0,0,REJECT
realty.economictimes.indiatimes.com,https://realty.economictimes.indiatimes.com/tag/thiruvananthapuram?utm_source=main_menu2_dropdown&utm_medium=tagListing,false,0,0,1,0,1,0,1,0,1,1,1,0,0,0,0,REVIEW
realty.economictimes.indiatimes.com,https://realty.economictimes.indiatimes.com/brand-solutions/integrated-campaigns?utm_source=main_menu&utm_medium=tagListing,false,0,0,1,0,1,1,0,0,1,0,1,0,0,0,0,REVIEW
realty.economictimes.indiatimes.com,https://realty.economictimes.indiatimes.com/brand-solutions/virtual-engagement?utm_source=main_menu&utm_medium=tagListing,false,0,0,1,0,1,1,0,0,1,0,1,0,0,0,0,REVIEW
realty.economictimes.indiatimes.com,https://realty.economictimes.indiatimes.com/brand-solutions/digital-branding-and-awareness?utm_source=main_menu&utm_medium=tagListing,false,0,0,1,0,1,1,0,0,1,0,1,0,0,0,0,REVIEW
torbitrealty.com,https://torbitrealty.com/category/news/policy-regulations/,false,0,0,0,0,1,1,1,0,1,0,0,0,0,0,0,REJECT
torbitrealty.com,https://torbitrealty.com/category/more/building-materials/,false,0,0,0,0,1,1,0,0,1,0,1,0,0,0,0,REJECT
torbitrealty.com,https://torbitrealty.com/category/more/infrastructure-construction/,false,0,0,0,0,1,1,0,0,1,0,1,0,0,0,0,REJECT
torbitrealty.com,https://torbitrealty.com/category/more/architecture-interiors/,false,0,0,0,0,1,1,0,0,1,0,1,0,0,0,0,REJECT
realty.economictimes.indiatimes.com,https://realty.economictimes.indiatimes.com/tag/thiruvananthapuram,false,0,0,1,0,1,0,1,0,1,1,1,0,0,0,0,REVIEW
realty.economictimes.indiatimes.com,https://realty.economictimes.indiatimes.com/tag/architects+of+tomorrow?ag=top_promo&utm_source=top_promo&utm_content=Architects+of+Tomorrow&utm_campaign=Product_Promo_Widget&utm_index=1,false,0,0,0,0,1,1,0,0,1,0,1,0,0,0,0,REJECT
realty.economictimes.indiatimes.com,https://realty.economictimes.indiatimes.com/tag/property+gurus/videos?ag=top_promo&utm_source=top_promo&utm_content=Property+Gurus&utm_campaign=Product_Promo_Widget&utm_index=2,false,0,0,0,0,1,1,0,0,1,1,1,0,0,0,0,REJECT
realty.economictimes.indiatimes.com,https://realty.economictimes.indiatimes.com/news/regulatory/ngt-gives-greater-noida-authority-10-more-days-to-list-unauthorised-constructions/134555515,false,0,0,1,1,1,0,1,0,0,1,0,0,0,0,0,REVIEW
www.hindustantimes.com,https://www.hindustantimes.com/cricket/live-score,false,0,0,0,0,1,1,0,0,1,0,1,0,0,0,0,REJECT
www.hindustantimes.com,https://www.hindustantimes.com/business/income-tax-calculator,false,0,0,0,0,1,1,0,0,1,0,1,0,0,0,0,REJECT
www.hindustantimes.com,https://www.hindustantimes.com/education/admissions/colleges/engineering-colleges-in-india,false,0,0,0,0,1,0,0,1,1,0,0,0,0,0,0,REJECT
www.hindustantimes.com,https://www.hindustantimes.com/astrology/compatibility-calculator,false,0,0,0,0,1,1,0,0,1,0,1,0,0,0,0,REJECT
www.niairport.in,https://www.niairport.in/en/passengers,false,0,0,0,0,1,0,0,1,1,1,1,0,0,0,0,REJECT
www.niairport.in,https://www.niairport.in/en/company/news/2026/2026-09-17,false,0,0,1,0,1,0,0,1,1,1,1,0,0,0,0,REVIEW
www.niairport.in,https://www.niairport.in/en/company/news/2026/2026-08-24,false,0,0,1,0,1,1,0,0,1,1,1,0,0,0,0,PROMOTE
www.niairport.in,https://www.niairport.in/en/company/news/2026/2026-06-15,false,0,0,1,0,1,0,1,0,1,1,1,0,0,0,0,REVIEW
www.yamunaexpresswayauthority.com,https://www.yamunaexpresswayauthority.com/rti/right-to-information,false,0,0,0,0,1,1,0,0,1,1,1,0,0,0,0,REJECT
www.yamunaexpresswayauthority.com,https://www.yamunaexpresswayauthority.com/e-auction-archives,false,0,0,0,0,1,1,0,0,1,1,1,0,0,0,0,REJECT
www.yamunaexpresswayauthority.com,https://www.yamunaexpresswayauthority.com/citizen-portal-ots-system,false,0,0,0,0,1,1,0,0,1,1,1,0,0,0,0,REJECT
www.yamunaexpresswayauthority.com,https://www.yamunaexpresswayauthority.com/web/#,false,0,0,0,0,1,1,0,0,1,1,1,0,0,0,0,REJECT
www.yamunaexpresswayauthority.com,https://www.yamunaexpresswayauthority.com/web/announcement/#,false,0,0,0,0,1,1,0,0,1,1,1,0,0,0,0,REJECT
www.anandabazar.com,https://www.anandabazar.com/west-bengal/midnapore,false,0,0,0,0,1,1,0,1,1,0,0,0,0,0,0,REJECT
www.anandabazar.com,https://www.anandabazar.com/west-bengal/purulia-birbhum-bankura,false,0,0,0,0,1,1,0,0,1,0,1,0,0,0,0,REJECT
www.anandabazar.com,https://www.anandabazar.com/west-bengal/24-parganas,false,0,0,0,0,1,1,0,0,1,0,1,0,0,0,0,REJECT
www.anandabazar.com,https://www.anandabazar.com/business/housing-sales-across-indias-top-nine-cities-fell-6-percent-where-kolkata-stands-dgtl/cid/1715823,false,0,0,0,1,1,1,0,0,1,0,1,0,0,0,0,REJECT
www.anandabazar.com,https://www.anandabazar.com/west-bengal/government-will-provide-new-flats-with-full-ownership-prnt/cid/1710882,false,0,0,0,1,1,1,0,0,1,0,1,0,0,0,0,REJECT
