"URL","SOURCE","TITLE","CITY","FULL_ARTICLE_READ","BODY_CHARS","DUPLICATE_CITIES","ASSESSMENT","PATCHED_REASONS"
"https://timesofindia.indiatimes.com/city/mangaluru/mangaluru-railway-control-shifts-to-mysuru-today/articleshow/134599807.cms","Times of India","Mangaluru railway control shifts to Mysuru today","mangalore","NO","0","mangalore,mysore","INVALID_EXTRA_CITY","filter 4: not positive target real-estate/project news"
"https://timesofindia.indiatimes.com/city/mangaluru/mangaluru-railway-control-shifts-to-mysuru-today/articleshow/134599807.cms","Times of India","Mangaluru railway control shifts to Mysuru today","mysore","NO","0","mangalore,mysore","INVALID_EXTRA_CITY","filter 4: not positive target real-estate/project news"
"https://timesofindia.indiatimes.com/city/surat/surat-udaipur-vande-bharat-from-oct-4/articleshow/134601509.cms","Times of India","Surat-Udaipur Vande Bharat from Oct 4","surat","NO","0","surat,udaipur","INVALID_EXTRA_CITY","filter 4: not positive target real-estate/project news"
"https://timesofindia.indiatimes.com/city/surat/surat-udaipur-vande-bharat-from-oct-4/articleshow/134601509.cms","Times of India","Surat-Udaipur Vande Bharat from Oct 4","udaipur","NO","0","surat,udaipur","INVALID_EXTRA_CITY","filter 4: not positive target real-estate/project news"
"https://realty.economictimes.indiatimes.com/news/infrastructure/yeida-approves-logistics-park-8000-hectares-industrial-hub-near-noida-international-airport/134577767?utm_source=top_news&utm_medium=sectionListing","ET Realty","YEIDA approves logistics park, 8,000 hectares industrial hub near Noida International airport","noida","YES","1200","noida","VALID_AUTO_PUBLISH",""
"https://timesofindia.indiatimes.com/city/noida/yeida-plans-rs-4-5-crore-entry-gate-near-yamuna-expressway/articleshow/134601964.cms","Times of India","YEIDA plans Rs 4.5 crore entry gate near Yamuna expressway","noida","NO","0","noida","SHOULD_REVIEW","review: FULL_ARTICLE_UNAVAILABLE"
"https://www.hindustantimes.com/cities/noida-news/yeida-plans-4-5cr-landmark-entry-gate-near-yamuna-expressway-101790793601245.html","Hindustan Times","Yeida plans ₹4.5cr landmark entry gate near Yamuna Expressway","noida","NO","1200","noida","SHOULD_REVIEW","review: FULL_ARTICLE_UNAVAILABLE"
"https://realty.economictimes.indiatimes.com/news/commercial/property-owners-in-gurugram-seek-policy-for-commercial-conversion-of-housing-units/134607259?utm_source=top_news&utm_medium=tagListing","ET Realty","Property owners in Gurugram seek policy for commercial conversion of housing units","gurugram","YES","1200","gurugram","VALID_AUTO_PUBLISH",""
"https://www.magicbricks.com/news/haryana-clears-rs-1662-crore-tender-for-gurugram-metro-phase-2-samb/151942.html","Property News","Haryana Clears Rs 1,662-Crore Tender for Gurugram Metro Phase 2","gurugram","NO","1200","gurugram","SHOULD_REVIEW","review: FULL_ARTICLE_UNAVAILABLE"
"https://www.magicbricks.com/news/smoother-drive-to-manesar-new-gurgaon-flyover-set-to-decongest-key-junctions-near-dwarka-expressway-jkmb/151946.html","Property News","Smoother Drive to Manesar: New Gurgaon Flyover Set to Decongest Key Junctions Near Dwarka Expressway","gurugram","NO","1200","gurugram","SHOULD_REVIEW","review: FULL_ARTICLE_UNAVAILABLE"
"https://www.magicbricks.com/news/assam-to-get-indias-first-underwater-road-cum-rail-tunnel-under-brahmaputra-pmmb/151947.html","Property News","Assam to Get India’s First Underwater Road-Cum-Rail Tunnel Under Brahmaputra","tezpur","NO","1200","tezpur","SHOULD_REVIEW","filter 4: not positive target real-estate/project news | filter 6: target region missing or weak | filter 17: local quality judge rejected article (weak city evidence, score 46)"
"https://realtynmore.com/elevate-infracon-to-invest-rs-100-crore-in-ongoing/","RealtyNMore","ELEVATE Infracon to Invest Rs 100 Crore in Ongoing Projects Th...","dehradun","YES","1200","dehradun","VALID_AUTO_PUBLISH",""
"https://www.hindustantimes.com/cities/chandigarh-news/centre-clears-rs-93-94-cr-project-to-rejuvenate-maharaja-ajj-sarovar-in-kharar-101790854510508.html","Hindustan Times","Centre clears ₹93.94-cr project to rejuvenate Maharaja Ajj Sarovar in Kharar","chandigarh","NO","1200","chandigarh","SHOULD_REVIEW","review: FULL_ARTICLE_UNAVAILABLE"
