RECORD_ID,HUMAN_LABEL,HUMAN_CITY,DETECTED_LANGUAGE,NORMALIZED_LANGUAGE,DETECTED_SCRIPTS,PIPELINE_RELEVANCE,PIPELINE_NEGATIVE,PIPELINE_GEO,PIPELINE_FINAL_STATE,EDITORIAL_READY,AUTO_PUBLISH,DUPLICATE_STATUS,FIRST_LOSS_STAGE,REASONS
task22-005,PUBLISH,Greater Noida,hi,hi,devanagari|latin,positive_market_infrastructure,PASS,noida,REVIEW_TRANSLATION_OR_EDITORIAL,YES,NO,UNIQUE,TRANSLATION,"filter 5: no allowed city match | filter 17: local quality judge rejected article (weak city evidence, score 74)"
task22-006,REJECT_INSUFFICIENT,Delhi,hi,hi,devanagari|latin,reject_negative,REJECT_NEGATIVE,,REJECT_NEGATIVE,NO,NO,UNIQUE,NEGATIVE,filter 3: negative/crime/utility concern news | filter 5: no allowed city match
task22-004,PUBLISH,Delhi,hi,hi,devanagari|latin,project_development,PASS,delhi,REVIEW_TRANSLATION_OR_EDITORIAL,YES,NO,UNIQUE,TRANSLATION,filter 5: no allowed city match
task22-003,PUBLISH,Delhi,hi,hi,devanagari|latin,unclassified,PASS,delhi,REVIEW_TRANSLATION_OR_EDITORIAL,YES,NO,UNIQUE,TRANSLATION,"filter 5: no allowed city match | filter 9: no specific project/development signal | filter 17: local quality judge rejected article (weak city evidence, score 44)"
task22-009,PUBLISH,Pune,mr,mr,devanagari|latin,project_development,PASS,mumbai|pune,REVIEW_TRANSLATION_OR_EDITORIAL,YES,NO,UNIQUE,TRANSLATION,"filter 5: no allowed city match | filter 7: outside region in title/description | filter 8: outside-city conflict | filter 17: local quality judge rejected article (weak city evidence, score 32)"
task22-007,REJECT_OFF_TOPIC,Delhi,hi,hi,devanagari,reject_negative,REJECT_NEGATIVE,,REJECT_NEGATIVE,NO,NO,UNIQUE,NEGATIVE,"filter 4: not positive target real-estate/project news | filter 3: negative/crime/utility concern news | filter 5: no allowed city match | filter 8: outside-city conflict | filter 17: local quality judge rejected article (negative/local topic outweighs project signal, score -15)"
task22-019,PUBLISH,Hyderabad,te,te,telugu|latin,project_development,PASS,,CITY_UNMAPPED,NO,NO,UNIQUE,GEO,"filter 4: not positive target real-estate/project news | filter 1: spam/menu page | filter 5: no allowed city match | filter 7: outside region in title/description | filter 8: outside-city conflict | filter 17: local quality judge rejected article (weak city evidence, score 20)"
task22-022,PUBLISH,Hyderabad,te,te,telugu|latin,authority_pipeline,PASS,,CITY_UNMAPPED,NO,NO,UNIQUE,GEO,"filter 4: not positive target real-estate/project news | filter 1: spam/menu page | filter 5: no allowed city match | filter 17: local quality judge rejected article (weak city evidence, score 12)"
task22-008,REJECT_NEGATIVE,Pune,mr,mr,devanagari|latin,reject_negative,REJECT_NEGATIVE,,REJECT_NEGATIVE,NO,NO,UNIQUE,NEGATIVE,"filter 3: negative/crime/utility concern news | filter 5: no allowed city match | filter 7: outside region in title/description | filter 8: outside-city conflict | filter 17: local quality judge rejected article (weak city evidence, score 74)"
task22-012,REJECT_INSUFFICIENT,,mr,mr,devanagari|latin,project_development,PASS,,CITY_UNMAPPED,NO,NO,UNIQUE,TRANSLATION,"filter 4: not positive target real-estate/project news | filter 1: spam/menu page | filter 5: no allowed city match | filter 17: local quality judge rejected article (weak city evidence, score 54)"
task22-013,REJECT_NEGATIVE,Pune,mr,mr,devanagari|latin,reject_negative,REJECT_NEGATIVE,,REJECT_NEGATIVE,NO,NO,UNIQUE,NEGATIVE,"filter 3: negative/crime/utility concern news | filter 5: no allowed city match | filter 7: outside region in title/description | filter 8: outside-city conflict | filter 17: local quality judge rejected article (weak city evidence, score 58)"
task22-014,REJECT_OFF_TOPIC,Kochi,ml,ml,malayalam|latin,reject_relevance,PASS,,REJECT_OFF_TOPIC,NO,NO,UNIQUE,GEO,"filter 4: not positive target real-estate/project news | filter 1: spam/menu page | filter 5: no allowed city match | filter 17: local quality judge rejected article (weak city evidence, score 18)"
task22-020,PUBLISH,Hyderabad,te,te,telugu|latin,project_development,PASS,,CITY_UNMAPPED,NO,NO,UNIQUE,GEO,"filter 4: not positive target real-estate/project news | filter 1: spam/menu page | filter 5: no allowed city match | filter 8: outside-city conflict | filter 17: local quality judge rejected article (weak city evidence, score 14)"
task22-021,PUBLISH,Hyderabad,te,te,telugu|latin,project_development,PASS,,CITY_UNMAPPED,NO,NO,UNIQUE,GEO,"filter 4: not positive target real-estate/project news | filter 1: spam/menu page | filter 5: no allowed city match | filter 8: outside-city conflict | filter 17: local quality judge rejected article (negative/local topic outweighs project signal, score 1)"
task22-027,REJECT_INSUFFICIENT,Hyderabad,te,te,telugu|latin,unclassified,PASS,,CITY_UNMAPPED,NO,NO,UNIQUE,GEO,"filter 4: not positive target real-estate/project news | filter 1: spam/menu page | filter 5: no allowed city match | filter 17: local quality judge rejected article (no core real-estate/infrastructure topic, score 18)"
task22-001,PUBLISH,Delhi,hi,hi,devanagari|latin,unclassified,PASS,,CITY_UNMAPPED,NO,NO,UNIQUE,GEO,filter 4: not positive target real-estate/project news | filter 5: no allowed city match
task22-002,PUBLISH,Delhi,hi,hi,devanagari,project_development,PASS,,CITY_UNMAPPED,NO,NO,UNIQUE,GEO,"filter 5: no allowed city match | filter 17: local quality judge rejected article (weak city evidence, score 40)"
task22-010,REJECT_NEGATIVE,Bengaluru,mr,mr,devanagari|latin,reject_negative,REJECT_NEGATIVE,,REJECT_NEGATIVE,NO,NO,UNIQUE,NEGATIVE,"filter 4: not positive target real-estate/project news | filter 3: negative/crime/utility concern news | filter 5: no allowed city match | filter 17: local quality judge rejected article (weak city evidence, score 36)"
task22-011,REJECT_NEGATIVE,Navi Mumbai,mr,mr,devanagari|latin,reject_negative,REJECT_NEGATIVE,,REJECT_NEGATIVE,NO,NO,UNIQUE,NEGATIVE,"filter 3: negative/crime/utility concern news | filter 5: no allowed city match | filter 8: outside-city conflict | filter 17: local quality judge rejected article (weak city evidence, score 48)"
task22-023,REJECT_INSUFFICIENT,Bengaluru,kn,kn,kannada,project_development,PASS,,CITY_UNMAPPED,NO,NO,UNIQUE,GEO,"filter 4: not positive target real-estate/project news | filter 1: spam/menu page | filter 5: no allowed city match | filter 17: local quality judge rejected article (weak city evidence, score 52)"
task22-024,PUBLISH,Bengaluru,kn,kn,kannada|latin,project_development,PASS,,CITY_UNMAPPED,NO,NO,UNIQUE,GEO,"filter 4: not positive target real-estate/project news | filter 1: spam/menu page | filter 5: no allowed city match | filter 8: outside-city conflict | filter 17: local quality judge rejected article (weak city evidence, score 28)"
task22-025,REJECT_NEGATIVE,Bengaluru,kn,kn,kannada|latin,reject_negative,REJECT_NEGATIVE,,REJECT_NEGATIVE,NO,NO,UNIQUE,NEGATIVE,"filter 3: negative/crime/utility concern news | filter 5: no allowed city match | filter 8: outside-city conflict | filter 17: local quality judge rejected article (weak city evidence, score 22)"
task22-026,REJECT_INSUFFICIENT,,ta,ta,tamil|latin,unclassified,PASS,,CITY_UNMAPPED,NO,NO,UNIQUE,TRANSLATION,"filter 4: not positive target real-estate/project news | filter 1: spam/menu page | filter 5: no allowed city match | filter 17: local quality judge rejected article (weak city evidence, score 10)"
task22-056,REJECT_NEGATIVE,Kolkata,bn,bn,devanagari|bengali,reject_negative,REJECT_NEGATIVE,,REJECT_NEGATIVE,NO,NO,UNIQUE,NEGATIVE,"filter 4: not positive target real-estate/project news | filter 1: spam/menu page | filter 3: negative/crime/utility concern news | filter 5: no allowed city match | filter 8: outside-city conflict | filter 17: local quality judge rejected article (weak city evidence, score 28)"
task22-057,REJECT_INSUFFICIENT,,bn,bn,devanagari|bengali,unclassified,PASS,,CITY_UNMAPPED,NO,NO,UNIQUE,TRANSLATION,"filter 4: not positive target real-estate/project news | filter 1: spam/menu page | filter 5: no allowed city match | filter 8: outside-city conflict | filter 17: local quality judge rejected article (no core real-estate/infrastructure topic, score 12)"
